Imagen,Ruta,Ruedas,Color,Cilindraje
Bike (63).jpg,FinalDatasets/Motos/bike_train/,2,Verde,125
Bike (664).jpeg,FinalDatasets/Motos/bike_train/,2,Verde,125
Bike (21).jpg,FinalDatasets/Motos/bike_train/,2,Verde,125
Bike (1321).jpeg,FinalDatasets/Motos/bike_train/,2,Verde,125
Bike (1471).jpeg,FinalDatasets/Motos/bike_train/,2,Azul,125
Bike (268).jpeg,FinalDatasets/Motos/bike_train/,2,Rojo,125
images (140).jpeg,FinalDatasets/Motos/bike_train/,2,Azul,125
Bike (814).jpeg,FinalDatasets/Motos/bike_train/,2,Rojo,125
Bike (411).jpeg,FinalDatasets/Motos/bike_train/,2,Rojo,250
Bike (465).jpeg,FinalDatasets/Motos/bike_train/,2,Rojo,125
images (40).jpeg,FinalDatasets/Motos/bike_train/,2,Verde,125
Bike (1236).jpeg,FinalDatasets/Motos/bike_train/,2,Verde,250
Bike (316).jpeg,FinalDatasets/Motos/bike_train/,2,Verde,250
Bike (819).jpeg,FinalDatasets/Motos/bike_train/,2,Blanco,125
Bike (601).jpeg,FinalDatasets/Motos/bike_train/,2,Rojo,125
Bike (863).jpeg,FinalDatasets/Motos/bike_train/,2,Azul,250
Bike (38).jpeg,FinalDatasets/Motos/bike_train/,2,Verde,250
Bike (3).jpg,FinalDatasets/Motos/bike_train/,2,Blanco,250
Bike (1292).jpeg,FinalDatasets/Motos/bike_train/,2,Blanco,250
Bike (1072).jpeg,FinalDatasets/Motos/bike_train/,2,Azul,125
Bike (99).jpg,FinalDatasets/Motos/bike_train/,2,Verde,250
images (79).jpeg,FinalDatasets/Motos/bike_train/,2,Rojo,250
Bike (992).jpeg,FinalDatasets/Motos/bike_train/,2,Blanco,250
Bike (956).jpeg,FinalDatasets/Motos/bike_train/,2,Azul,250
Bike (239).jpeg,FinalDatasets/Motos/bike_train/,2,Azul,125
Bike (591).jpeg,FinalDatasets/Motos/bike_train/,2,Blanco,250
Bike (856).jpeg,FinalDatasets/Motos/bike_train/,2,Rojo,250
Bike (259).jpeg,FinalDatasets/Motos/bike_train/,2,Rojo,250
Bike (420).jpeg,FinalDatasets/Motos/bike_train/,2,Rojo,250
Bike (1425).jpeg,FinalDatasets/Motos/bike_train/,2,Blanco,250
Bike (189).jpg,FinalDatasets/Motos/bike_train/,2,Blanco,250
Bike (301).jpeg,FinalDatasets/Motos/bike_train/,2,Rojo,125
Bike (56).jpg,FinalDatasets/Motos/bike_train/,2,Rojo,250
Bike (765).jpeg,FinalDatasets/Motos/bike_train/,2,Rojo,250
Bike (112).jpeg,FinalDatasets/Motos/bike_train/,2,Rojo,250
Bike (236).jpeg,FinalDatasets/Motos/bike_train/,2,Rojo,250
Bike (157).jpeg,FinalDatasets/Motos/bike_train/,2,Blanco,125
Bike (74).jpeg,FinalDatasets/Motos/bike_train/,2,Blanco,125
Bike (430).jpeg,FinalDatasets/Motos/bike_train/,2,Azul,125
Bike (173).jpeg,FinalDatasets/Motos/bike_train/,2,Rojo,250
images (77).jpeg,FinalDatasets/Motos/bike_train/,2,Verde,250
images (120).jpeg,FinalDatasets/Motos/bike_train/,2,Rojo,250
Bike (1549).jpeg,FinalDatasets/Motos/bike_train/,2,Rojo,125
Bike (191).jpeg,FinalDatasets/Motos/bike_train/,2,Azul,250
Bike (58).jpeg,FinalDatasets/Motos/bike_train/,2,Rojo,250
image (28).jpeg,FinalDatasets/Motos/bike_train/,2,Rojo,250
Bike (2).jpeg,FinalDatasets/Motos/bike_train/,2,Rojo,125
Bike (1600).jpeg,FinalDatasets/Motos/bike_train/,2,Rojo,125
Bike (1303).jpeg,FinalDatasets/Motos/bike_train/,2,Azul,250
Bike (714).jpeg,FinalDatasets/Motos/bike_train/,2,Verde,250
Bike (60).jpg,FinalDatasets/Motos/bike_train/,2,Azul,125
Bike (385).jpeg,FinalDatasets/Motos/bike_train/,2,Verde,250
Bike (539).jpeg,FinalDatasets/Motos/bike_train/,2,Azul,125
Bike (1249).jpeg,FinalDatasets/Motos/bike_train/,2,Rojo,250
Bike (1356).jpeg,FinalDatasets/Motos/bike_train/,2,Verde,125
Bike (1318).jpeg,FinalDatasets/Motos/bike_train/,2,Azul,125
Bike (375).jpeg,FinalDatasets/Motos/bike_train/,2,Blanco,250
images (11).jpeg,FinalDatasets/Motos/bike_train/,2,Azul,250
images (16).jpeg,FinalDatasets/Motos/bike_train/,2,Blanco,125
Bike (1563).jpeg,FinalDatasets/Motos/bike_train/,2,Azul,250
Bike (1564).jpeg,FinalDatasets/Motos/bike_train/,2,Azul,125
Bike (1005).jpeg,FinalDatasets/Motos/bike_train/,2,Blanco,250
Bike (615).jpeg,FinalDatasets/Motos/bike_train/,2,Verde,250
Bike (516).jpeg,FinalDatasets/Motos/bike_train/,2,Verde,250
Bike (75).jpg,FinalDatasets/Motos/bike_train/,2,Rojo,125
Bike (112).jpg,FinalDatasets/Motos/bike_train/,2,Rojo,125
Bike (1401).jpeg,FinalDatasets/Motos/bike_train/,2,Verde,125
Bike (1409).jpeg,FinalDatasets/Motos/bike_train/,2,Azul,125
Bike (639).jpeg,FinalDatasets/Motos/bike_train/,2,Verde,250
Bike (1513).jpeg,FinalDatasets/Motos/bike_train/,2,Rojo,125
Bike (1037).jpeg,FinalDatasets/Motos/bike_train/,2,Blanco,250
Bike (188).jpg,FinalDatasets/Motos/bike_train/,2,Rojo,250
image (23).jpeg,FinalDatasets/Motos/bike_train/,2,Azul,125
Bike (594).jpeg,FinalDatasets/Motos/bike_train/,2,Blanco,250
Bike (181).jpeg,FinalDatasets/Motos/bike_train/,2,Rojo,250
images (26).jpeg,FinalDatasets/Motos/bike_train/,2,Azul,125
Bike (402).jpeg,FinalDatasets/Motos/bike_train/,2,Verde,125
Bike (165).jpeg,FinalDatasets/Motos/bike_train/,2,Blanco,125
Bike (113).jpg,FinalDatasets/Motos/bike_train/,2,Blanco,125
Bike (864).jpeg,FinalDatasets/Motos/bike_train/,2,Azul,250
Bike (1556).jpeg,FinalDatasets/Motos/bike_train/,2,Azul,125
Bike (130).jpeg,FinalDatasets/Motos/bike_train/,2,Rojo,250
Bike (895).jpeg,FinalDatasets/Motos/bike_train/,2,Blanco,250
Bike (830).jpeg,FinalDatasets/Motos/bike_train/,2,Rojo,125
Bike (1361).jpeg,FinalDatasets/Motos/bike_train/,2,Blanco,125
Bike (433).jpeg,FinalDatasets/Motos/bike_train/,2,Blanco,250
Bike (1329).jpeg,FinalDatasets/Motos/bike_train/,2,Verde,125
Bike (441).jpeg,FinalDatasets/Motos/bike_train/,2,Blanco,250
Bike (1616).jpeg,FinalDatasets/Motos/bike_train/,2,Blanco,125
Bike (1150).jpeg,FinalDatasets/Motos/bike_train/,2,Rojo,250
images (151).jpeg,FinalDatasets/Motos/bike_train/,2,Rojo,125
Bike (709).jpeg,FinalDatasets/Motos/bike_train/,2,Azul,250
Bike (922).jpeg,FinalDatasets/Motos/bike_train/,2,Verde,250
Bike (1510).jpeg,FinalDatasets/Motos/bike_train/,2,Verde,125
Bike (1299).jpeg,FinalDatasets/Motos/bike_train/,2,Verde,250
Bike (722).jpeg,FinalDatasets/Motos/bike_train/,2,Verde,125
Bike (151).jpg,FinalDatasets/Motos/bike_train/,2,Blanco,250
Bike (1468).jpeg,FinalDatasets/Motos/bike_train/,2,Verde,125
Bike (488).jpeg,FinalDatasets/Motos/bike_train/,2,Blanco,125
Bike (803).jpeg,FinalDatasets/Motos/bike_train/,2,Blanco,125
Bike (649).jpeg,FinalDatasets/Motos/bike_train/,2,Blanco,250
Bike (135).jpeg,FinalDatasets/Motos/bike_train/,2,Verde,125
Bike (257).jpeg,FinalDatasets/Motos/bike_train/,2,Azul,125
Bike (147).jpeg,FinalDatasets/Motos/bike_train/,2,Blanco,250
Bike (219).jpeg,FinalDatasets/Motos/bike_train/,2,Rojo,125
Bike (1232).jpeg,FinalDatasets/Motos/bike_train/,2,Verde,125
Bike (1511).jpeg,FinalDatasets/Motos/bike_train/,2,Blanco,125
Bike (761).jpeg,FinalDatasets/Motos/bike_train/,2,Verde,250
Bike (695).jpeg,FinalDatasets/Motos/bike_train/,2,Rojo,250
Bike (1189).jpeg,FinalDatasets/Motos/bike_train/,2,Rojo,125
Bike (279).jpeg,FinalDatasets/Motos/bike_train/,2,Verde,250
images (113).jpeg,FinalDatasets/Motos/bike_train/,2,Blanco,250
Bike (1074).jpeg,FinalDatasets/Motos/bike_train/,2,Rojo,250
Bike (79).jpg,FinalDatasets/Motos/bike_train/,2,Rojo,250
Bike (753).jpeg,FinalDatasets/Motos/bike_train/,2,Rojo,125
Bike (986).jpeg,FinalDatasets/Motos/bike_train/,2,Blanco,250
Bike (216).jpeg,FinalDatasets/Motos/bike_train/,2,Rojo,125
Bike (1575).jpeg,FinalDatasets/Motos/bike_train/,2,Verde,125
Bike (1437).jpeg,FinalDatasets/Motos/bike_train/,2,Blanco,250
Bike (1071).jpeg,FinalDatasets/Motos/bike_train/,2,Azul,125
Bike (119).jpeg,FinalDatasets/Motos/bike_train/,2,Verde,250
Bike (514).jpeg,FinalDatasets/Motos/bike_train/,2,Verde,125
Bike (672).jpeg,FinalDatasets/Motos/bike_train/,2,Blanco,250
Bike (637).jpeg,FinalDatasets/Motos/bike_train/,2,Blanco,250
Bike (226).jpeg,FinalDatasets/Motos/bike_train/,2,Azul,125
Bike (883).jpeg,FinalDatasets/Motos/bike_train/,2,Rojo,250
Bike (968).jpeg,FinalDatasets/Motos/bike_train/,2,Rojo,250
Bike (1345).jpeg,FinalDatasets/Motos/bike_train/,2,Verde,125
Bike (361).jpeg,FinalDatasets/Motos/bike_train/,2,Rojo,125
Bike (1444).jpeg,FinalDatasets/Motos/bike_train/,2,Blanco,250
Bike (471).jpeg,FinalDatasets/Motos/bike_train/,2,Verde,250
images (64).jpeg,FinalDatasets/Motos/bike_train/,2,Azul,125
Bike (806).jpeg,FinalDatasets/Motos/bike_train/,2,Azul,250
Bike (19).jpg,FinalDatasets/Motos/bike_train/,2,Verde,250
Bike (506).jpeg,FinalDatasets/Motos/bike_train/,2,Verde,125
Bike (14).jpg,FinalDatasets/Motos/bike_train/,2,Azul,250
Bike (916).jpeg,FinalDatasets/Motos/bike_train/,2,Blanco,250
Bike (1436).jpeg,FinalDatasets/Motos/bike_train/,2,Rojo,250
Bike (483).jpeg,FinalDatasets/Motos/bike_train/,2,Blanco,250
Bike (900).jpeg,FinalDatasets/Motos/bike_train/,2,Rojo,125
Bike (1612).jpeg,FinalDatasets/Motos/bike_train/,2,Blanco,250
Bike (342).jpeg,FinalDatasets/Motos/bike_train/,2,Verde,250
Bike (1311).jpeg,FinalDatasets/Motos/bike_train/,2,Rojo,125
Bike (861).jpeg,FinalDatasets/Motos/bike_train/,2,Rojo,125
Bike (196).jpeg,FinalDatasets/Motos/bike_train/,2,Azul,250
Bike (769).jpeg,FinalDatasets/Motos/bike_train/,2,Azul,250
Bike (1192).jpeg,FinalDatasets/Motos/bike_train/,2,Verde,250
Bike (813).jpeg,FinalDatasets/Motos/bike_train/,2,Rojo,125
Bike (113).jpeg,FinalDatasets/Motos/bike_train/,2,Azul,125
Bike (545).jpeg,FinalDatasets/Motos/bike_train/,2,Blanco,250
Bike (1496).jpeg,FinalDatasets/Motos/bike_train/,2,Rojo,250
Bike (1554).jpeg,FinalDatasets/Motos/bike_train/,2,Rojo,125
Bike (1165).jpeg,FinalDatasets/Motos/bike_train/,2,Rojo,250
image (7).jpeg,FinalDatasets/Motos/bike_train/,2,Blanco,125
Bike (6).png,FinalDatasets/Motos/bike_train/,2,Verde,125
Bike (690).jpeg,FinalDatasets/Motos/bike_train/,2,Verde,250
Bike (168).jpeg,FinalDatasets/Motos/bike_train/,2,Verde,125
Bike (1004).jpeg,FinalDatasets/Motos/bike_train/,2,Azul,250
Bike (973).jpeg,FinalDatasets/Motos/bike_train/,2,Rojo,125
Bike (9).jpeg,FinalDatasets/Motos/bike_train/,2,Azul,125
Bike (32).jpg,FinalDatasets/Motos/bike_train/,2,Rojo,250
Bike (538).jpeg,FinalDatasets/Motos/bike_train/,2,Azul,250
Bike (1532).jpeg,FinalDatasets/Motos/bike_train/,2,Blanco,125
Bike (1148).jpeg,FinalDatasets/Motos/bike_train/,2,Rojo,125
image.jpeg,FinalDatasets/Motos/bike_train/,2,Blanco,125
images (57).jpeg,FinalDatasets/Motos/bike_train/,2,Azul,125
Bike (280).jpeg,FinalDatasets/Motos/bike_train/,2,Blanco,250
Bike (253).jpeg,FinalDatasets/Motos/bike_train/,2,Verde,250
Bike (305).jpeg,FinalDatasets/Motos/bike_train/,2,Blanco,250
Bike (926).jpeg,FinalDatasets/Motos/bike_train/,2,Rojo,250
image (24).jpeg,FinalDatasets/Motos/bike_train/,2,Verde,250
Bike (1244).jpeg,FinalDatasets/Motos/bike_train/,2,Rojo,125
Bike (1475).jpeg,FinalDatasets/Motos/bike_train/,2,Blanco,250
Bike (782).jpeg,FinalDatasets/Motos/bike_train/,2,Rojo,125
Bike (73).jpg,FinalDatasets/Motos/bike_train/,2,Azul,250
Bike (1231).jpeg,FinalDatasets/Motos/bike_train/,2,Azul,125
Bike (183).jpg,FinalDatasets/Motos/bike_train/,2,Verde,125
Bike (1601).jpeg,FinalDatasets/Motos/bike_train/,2,Rojo,125
Bike (241).jpeg,FinalDatasets/Motos/bike_train/,2,Verde,125
Bike (189).jpeg,FinalDatasets/Motos/bike_train/,2,Blanco,125
Bike (401).jpeg,FinalDatasets/Motos/bike_train/,2,Verde,250
Bike (146).jpg,FinalDatasets/Motos/bike_train/,2,Rojo,250
Bike (553).jpeg,FinalDatasets/Motos/bike_train/,2,Azul,125
Bike (1152).jpeg,FinalDatasets/Motos/bike_train/,2,Verde,125
Bike (1202).jpeg,FinalDatasets/Motos/bike_train/,2,Azul,250
Bike (315).jpeg,FinalDatasets/Motos/bike_train/,2,Verde,125
images (108).jpeg,FinalDatasets/Motos/bike_train/,2,Verde,250
Bike (899).jpeg,FinalDatasets/Motos/bike_train/,2,Blanco,250
Bike (740).jpeg,FinalDatasets/Motos/bike_train/,2,Blanco,125
Bike (1461).jpeg,FinalDatasets/Motos/bike_train/,2,Azul,125
Bike (171).jpeg,FinalDatasets/Motos/bike_train/,2,Azul,250
Bike (220).jpeg,FinalDatasets/Motos/bike_train/,2,Rojo,125
Bike (178).jpg,FinalDatasets/Motos/bike_train/,2,Azul,250
Bike (605).jpeg,FinalDatasets/Motos/bike_train/,2,Azul,250
images (24).jpeg,FinalDatasets/Motos/bike_train/,2,Rojo,250
Bike (419).jpeg,FinalDatasets/Motos/bike_train/,2,Rojo,125
Bike (559).jpeg,FinalDatasets/Motos/bike_train/,2,Azul,125
Bike (785).jpeg,FinalDatasets/Motos/bike_train/,2,Blanco,250
Bike (1245).jpeg,FinalDatasets/Motos/bike_train/,2,Azul,125
Bike (1411).jpeg,FinalDatasets/Motos/bike_train/,2,Azul,125
Bike (1176).jpeg,FinalDatasets/Motos/bike_train/,2,Blanco,125
Bike (149).jpeg,FinalDatasets/Motos/bike_train/,2,Rojo,125
Bike (256).jpeg,FinalDatasets/Motos/bike_train/,2,Azul,250
Bike (779).jpeg,FinalDatasets/Motos/bike_train/,2,Rojo,125
Bike (395).jpeg,FinalDatasets/Motos/bike_train/,2,Azul,250
Bike (715).jpeg,FinalDatasets/Motos/bike_train/,2,Rojo,125
Bike (589).jpeg,FinalDatasets/Motos/bike_train/,2,Verde,125
Bike (670).jpeg,FinalDatasets/Motos/bike_train/,2,Verde,125
Bike (928).jpeg,FinalDatasets/Motos/bike_train/,2,Azul,250
images (87).jpeg,FinalDatasets/Motos/bike_train/,2,Verde,250
Bike (662).jpeg,FinalDatasets/Motos/bike_train/,2,Azul,125
Bike (1460).jpeg,FinalDatasets/Motos/bike_train/,2,Azul,125
Bike (40).jpg,FinalDatasets/Motos/bike_train/,2,Verde,125
Bike (1042).jpeg,FinalDatasets/Motos/bike_train/,2,Rojo,125
Bike (1127).jpeg,FinalDatasets/Motos/bike_train/,2,Azul,125
images (153).jpeg,FinalDatasets/Motos/bike_train/,2,Blanco,125
Bike (1380).jpeg,FinalDatasets/Motos/bike_train/,2,Blanco,125
Bike (296).jpeg,FinalDatasets/Motos/bike_train/,2,Azul,125
images (147).jpeg,FinalDatasets/Motos/bike_train/,2,Blanco,250
images (7).jpeg,FinalDatasets/Motos/bike_train/,2,Blanco,250
Bike (661).jpeg,FinalDatasets/Motos/bike_train/,2,Azul,250
Bike (906).jpeg,FinalDatasets/Motos/bike_train/,2,Verde,125
Bike (131).jpg,FinalDatasets/Motos/bike_train/,2,Azul,250
Bike (176).jpg,FinalDatasets/Motos/bike_train/,2,Blanco,250
Bike (820).jpeg,FinalDatasets/Motos/bike_train/,2,Rojo,125
Bike (1216).jpeg,FinalDatasets/Motos/bike_train/,2,Azul,125
Bike (1320).jpeg,FinalDatasets/Motos/bike_train/,2,Rojo,125
images (98).jpeg,FinalDatasets/Motos/bike_train/,2,Azul,125
Bike (967).jpeg,FinalDatasets/Motos/bike_train/,2,Blanco,250
Bike (1027).jpeg,FinalDatasets/Motos/bike_train/,2,Verde,125
Bike (18).jpg,FinalDatasets/Motos/bike_train/,2,Blanco,250
Bike (11).jpg,FinalDatasets/Motos/bike_train/,2,Azul,250
Bike (1220).jpeg,FinalDatasets/Motos/bike_train/,2,Blanco,250
Bike (1169).jpeg,FinalDatasets/Motos/bike_train/,2,Verde,250
Bike (788).jpeg,FinalDatasets/Motos/bike_train/,2,Blanco,250
Bike (102).jpeg,FinalDatasets/Motos/bike_train/,2,Azul,125
Bike (867).jpeg,FinalDatasets/Motos/bike_train/,2,Blanco,125
Bike (1105).jpeg,FinalDatasets/Motos/bike_train/,2,Blanco,125
Bike (651).jpeg,FinalDatasets/Motos/bike_train/,2,Azul,250
Bike (450).jpeg,FinalDatasets/Motos/bike_train/,2,Verde,250
Bike (1482).jpeg,FinalDatasets/Motos/bike_train/,2,Rojo,125
images (99).jpeg,FinalDatasets/Motos/bike_train/,2,Rojo,125
Bike (156).jpeg,FinalDatasets/Motos/bike_train/,2,Verde,125
Bike (3).png,FinalDatasets/Motos/bike_train/,2,Blanco,250
Bike (1219).jpeg,FinalDatasets/Motos/bike_train/,2,Verde,125
Bike (1393).jpeg,FinalDatasets/Motos/bike_train/,2,Verde,125
Bike (1415).jpeg,FinalDatasets/Motos/bike_train/,2,Rojo,125
Bike (122).jpg,FinalDatasets/Motos/bike_train/,2,Azul,250
Bike (124).jpeg,FinalDatasets/Motos/bike_train/,2,Blanco,250
Bike (1184).jpeg,FinalDatasets/Motos/bike_train/,2,Azul,125
Bike (1088).jpeg,FinalDatasets/Motos/bike_train/,2,Rojo,250
Bike (1213).jpeg,FinalDatasets/Motos/bike_train/,2,Azul,250
Bike (780).jpeg,FinalDatasets/Motos/bike_train/,2,Azul,125
Bike (1144).jpeg,FinalDatasets/Motos/bike_train/,2,Verde,250
images (73).jpeg,FinalDatasets/Motos/bike_train/,2,Rojo,125
Bike (993).jpeg,FinalDatasets/Motos/bike_train/,2,Azul,125
images (93).jpeg,FinalDatasets/Motos/bike_train/,2,Blanco,125
image (31).jpeg,FinalDatasets/Motos/bike_train/,2,Verde,125
Bike (550).jpeg,FinalDatasets/Motos/bike_train/,2,Rojo,250
Bike (817).jpeg,FinalDatasets/Motos/bike_train/,2,Azul,125
Bike (953).jpeg,FinalDatasets/Motos/bike_train/,2,Rojo,125
Bike (1317).jpeg,FinalDatasets/Motos/bike_train/,2,Rojo,125
Bike (4).jpeg,FinalDatasets/Motos/bike_train/,2,Verde,125
Bike (1199).jpeg,FinalDatasets/Motos/bike_train/,2,Rojo,250
Bike (106).jpg,FinalDatasets/Motos/bike_train/,2,Blanco,125
Bike (1293).jpeg,FinalDatasets/Motos/bike_train/,2,Rojo,250
Bike (238).jpeg,FinalDatasets/Motos/bike_train/,2,Azul,250
Bike (676).jpeg,FinalDatasets/Motos/bike_train/,2,Azul,250
Bike (356).jpeg,FinalDatasets/Motos/bike_train/,2,Azul,125
Bike (1360).jpeg,FinalDatasets/Motos/bike_train/,2,Rojo,250
Bike (1327).jpeg,FinalDatasets/Motos/bike_train/,2,Azul,125
Bike (21).jpeg,FinalDatasets/Motos/bike_train/,2,Blanco,125
Bike (1375).jpeg,FinalDatasets/Motos/bike_train/,2,Rojo,125
images (23).jpeg,FinalDatasets/Motos/bike_train/,2,Azul,125
Bike (915).jpeg,FinalDatasets/Motos/bike_train/,2,Verde,250
Bike (303).jpeg,FinalDatasets/Motos/bike_train/,2,Verde,125
Bike (704).jpeg,FinalDatasets/Motos/bike_train/,2,Blanco,250
Bike (492).jpeg,FinalDatasets/Motos/bike_train/,2,Blanco,250
Bike (1603).jpeg,FinalDatasets/Motos/bike_train/,2,Azul,250
Bike (546).jpeg,FinalDatasets/Motos/bike_train/,2,Azul,250
Bike (1017).jpeg,FinalDatasets/Motos/bike_train/,2,Blanco,125
images (37).jpeg,FinalDatasets/Motos/bike_train/,2,Rojo,125
Bike (31).jpg,FinalDatasets/Motos/bike_train/,2,Blanco,250
Bike (729).jpeg,FinalDatasets/Motos/bike_train/,2,Azul,125
Bike (1274).jpeg,FinalDatasets/Motos/bike_train/,2,Verde,250
Bike (542).jpeg,FinalDatasets/Motos/bike_train/,2,Azul,125
Bike (157).jpg,FinalDatasets/Motos/bike_train/,2,Rojo,125
Bike (412).jpeg,FinalDatasets/Motos/bike_train/,2,Azul,125
Bike (1470).jpeg,FinalDatasets/Motos/bike_train/,2,Verde,125
Bike (636).jpeg,FinalDatasets/Motos/bike_train/,2,Verde,250
Bike (422).jpeg,FinalDatasets/Motos/bike_train/,2,Blanco,250
Bike (1111).jpeg,FinalDatasets/Motos/bike_train/,2,Blanco,125
Bike (1503).jpeg,FinalDatasets/Motos/bike_train/,2,Azul,125
Bike (1459).jpeg,FinalDatasets/Motos/bike_train/,2,Verde,125
Bike (654).jpeg,FinalDatasets/Motos/bike_train/,2,Blanco,250
Bike (800).jpeg,FinalDatasets/Motos/bike_train/,2,Rojo,250
images (126).jpeg,FinalDatasets/Motos/bike_train/,2,Rojo,250
Bike (1369).jpeg,FinalDatasets/Motos/bike_train/,2,Rojo,250
Bike (1086).jpeg,FinalDatasets/Motos/bike_train/,2,Blanco,125
Bike (47).jpg,FinalDatasets/Motos/bike_train/,2,Blanco,125
Bike (466).jpeg,FinalDatasets/Motos/bike_train/,2,Azul,125
images (104).jpeg,FinalDatasets/Motos/bike_train/,2,Azul,250
Bike (133).jpeg,FinalDatasets/Motos/bike_train/,2,Rojo,250
Bike (1197).jpeg,FinalDatasets/Motos/bike_train/,2,Verde,250
Bike (561).jpeg,FinalDatasets/Motos/bike_train/,2,Rojo,125
Bike (630).jpeg,FinalDatasets/Motos/bike_train/,2,Azul,125
Bike (1516).jpeg,FinalDatasets/Motos/bike_train/,2,Blanco,250
Bike (21).png,FinalDatasets/Motos/bike_train/,2,Blanco,125
Bike (177).jpeg,FinalDatasets/Motos/bike_train/,2,Blanco,125
Bike (1582).jpeg,FinalDatasets/Motos/bike_train/,2,Rojo,250
Bike (749).jpeg,FinalDatasets/Motos/bike_train/,2,Azul,250
Bike (1053).jpeg,FinalDatasets/Motos/bike_train/,2,Azul,125
Bike (850).jpeg,FinalDatasets/Motos/bike_train/,2,Verde,125
Bike (987).jpeg,FinalDatasets/Motos/bike_train/,2,Verde,125
Bike (498).jpeg,FinalDatasets/Motos/bike_train/,2,Verde,250
Bike (1515).jpeg,FinalDatasets/Motos/bike_train/,2,Blanco,250
images (134).jpeg,FinalDatasets/Motos/bike_train/,2,Rojo,250
Bike (267).jpeg,FinalDatasets/Motos/bike_train/,2,Blanco,250
Bike (336).jpeg,FinalDatasets/Motos/bike_train/,2,Blanco,250
Bike (485).jpeg,FinalDatasets/Motos/bike_train/,2,Verde,125
Bike (496).jpeg,FinalDatasets/Motos/bike_train/,2,Verde,125
Bike (910).jpeg,FinalDatasets/Motos/bike_train/,2,Verde,250
Bike (1489).jpeg,FinalDatasets/Motos/bike_train/,2,Blanco,250
Bike (1285).jpeg,FinalDatasets/Motos/bike_train/,2,Rojo,250
Bike (25).png,FinalDatasets/Motos/bike_train/,2,Verde,250
Bike (1495).jpeg,FinalDatasets/Motos/bike_train/,2,Verde,250
Bike (1567).jpeg,FinalDatasets/Motos/bike_train/,2,Azul,250
Bike (88).jpg,FinalDatasets/Motos/bike_train/,2,Rojo,125
Bike (975).jpeg,FinalDatasets/Motos/bike_train/,2,Rojo,125
Bike (976).jpeg,FinalDatasets/Motos/bike_train/,2,Blanco,125
Bike (382).jpeg,FinalDatasets/Motos/bike_train/,2,Azul,125
Bike (103).jpg,FinalDatasets/Motos/bike_train/,2,Rojo,125
Bike (34).jpg,FinalDatasets/Motos/bike_train/,2,Rojo,250
Bike (235).jpeg,FinalDatasets/Motos/bike_train/,2,Rojo,125
Bike (529).jpeg,FinalDatasets/Motos/bike_train/,2,Verde,125
Bike (1294).jpeg,FinalDatasets/Motos/bike_train/,2,Verde,250
Bike (1174).jpeg,FinalDatasets/Motos/bike_train/,2,Verde,250
images (121).jpeg,FinalDatasets/Motos/bike_train/,2,Rojo,250
Bike (513).jpeg,FinalDatasets/Motos/bike_train/,2,Rojo,250
Bike (338).jpeg,FinalDatasets/Motos/bike_train/,2,Rojo,250
Bike (656).jpeg,FinalDatasets/Motos/bike_train/,2,Blanco,125
Bike (875).jpeg,FinalDatasets/Motos/bike_train/,2,Azul,250
Bike (70).jpg,FinalDatasets/Motos/bike_train/,2,Blanco,125
Bike (467).jpeg,FinalDatasets/Motos/bike_train/,2,Verde,250
Bike (1522).jpeg,FinalDatasets/Motos/bike_train/,2,Azul,250
Bike (1349).jpeg,FinalDatasets/Motos/bike_train/,2,Azul,250
Bike (697).jpeg,FinalDatasets/Motos/bike_train/,2,Azul,250
Bike (1385).jpeg,FinalDatasets/Motos/bike_train/,2,Blanco,250
Bike (388).jpeg,FinalDatasets/Motos/bike_train/,2,Verde,250
Bike (24).jpg,FinalDatasets/Motos/bike_train/,2,Blanco,250
images (106).jpeg,FinalDatasets/Motos/bike_train/,2,Blanco,125
Bike (703).jpeg,FinalDatasets/Motos/bike_train/,2,Rojo,250
Bike (479).jpeg,FinalDatasets/Motos/bike_train/,2,Rojo,125
Bike (1535).jpeg,FinalDatasets/Motos/bike_train/,2,Azul,250
Bike (891).jpeg,FinalDatasets/Motos/bike_train/,2,Azul,125
Bike (110).jpeg,FinalDatasets/Motos/bike_train/,2,Azul,250
Bike (464).jpeg,FinalDatasets/Motos/bike_train/,2,Verde,125
Bike (666).jpeg,FinalDatasets/Motos/bike_train/,2,Blanco,125
Bike (1323).jpeg,FinalDatasets/Motos/bike_train/,2,Rojo,250
Bike (61).jpg,FinalDatasets/Motos/bike_train/,2,Azul,125
Bike (320).jpeg,FinalDatasets/Motos/bike_train/,2,Blanco,125
images (18).jpeg,FinalDatasets/Motos/bike_train/,2,Blanco,125
images (146).jpeg,FinalDatasets/Motos/bike_train/,2,Azul,125
Bike (877).jpeg,FinalDatasets/Motos/bike_train/,2,Rojo,125
Bike (37).jpg,FinalDatasets/Motos/bike_train/,2,Verde,125
Bike (86).jpeg,FinalDatasets/Motos/bike_train/,2,Azul,250
Bike (22).jpeg,FinalDatasets/Motos/bike_train/,2,Azul,250
Bike (204).jpeg,FinalDatasets/Motos/bike_train/,2,Blanco,125
Bike (710).jpeg,FinalDatasets/Motos/bike_train/,2,Rojo,250
Bike (519).jpeg,FinalDatasets/Motos/bike_train/,2,Blanco,250
Bike (26).jpeg,FinalDatasets/Motos/bike_train/,2,Blanco,125
images (34).jpeg,FinalDatasets/Motos/bike_train/,2,Azul,125
images (48).jpeg,FinalDatasets/Motos/bike_train/,2,Blanco,250
Bike (507).jpeg,FinalDatasets/Motos/bike_train/,2,Azul,125
Bike (935).jpeg,FinalDatasets/Motos/bike_train/,2,Verde,125
Bike (614).jpeg,FinalDatasets/Motos/bike_train/,2,Verde,125
Bike (781).jpeg,FinalDatasets/Motos/bike_train/,2,Rojo,250
Bike (81).jpg,FinalDatasets/Motos/bike_train/,2,Azul,125
images (66).jpeg,FinalDatasets/Motos/bike_train/,2,Rojo,125
Bike (309).jpeg,FinalDatasets/Motos/bike_train/,2,Blanco,250
Bike (213).jpeg,FinalDatasets/Motos/bike_train/,2,Azul,250
Bike (946).jpeg,FinalDatasets/Motos/bike_train/,2,Azul,125
Bike (949).jpeg,FinalDatasets/Motos/bike_train/,2,Azul,125
Bike (1235).jpeg,FinalDatasets/Motos/bike_train/,2,Azul,250
Bike (627).jpeg,FinalDatasets/Motos/bike_train/,2,Verde,250
Bike (426).jpeg,FinalDatasets/Motos/bike_train/,2,Rojo,250
images (89).jpeg,FinalDatasets/Motos/bike_train/,2,Rojo,125
Bike (1560).jpeg,FinalDatasets/Motos/bike_train/,2,Rojo,125
Bike (1227).jpeg,FinalDatasets/Motos/bike_train/,2,Rojo,125
Bike (540).jpeg,FinalDatasets/Motos/bike_train/,2,Blanco,250
Bike (771).jpeg,FinalDatasets/Motos/bike_train/,2,Rojo,125
Bike (221).jpeg,FinalDatasets/Motos/bike_train/,2,Verde,250
Bike (1534).jpeg,FinalDatasets/Motos/bike_train/,2,Verde,250
Bike (1298).jpeg,FinalDatasets/Motos/bike_train/,2,Rojo,250
Bike (1295).jpeg,FinalDatasets/Motos/bike_train/,2,Verde,250
Bike (1242).jpeg,FinalDatasets/Motos/bike_train/,2,Azul,250
Bike (350).jpeg,FinalDatasets/Motos/bike_train/,2,Blanco,125
Bike (1518).jpeg,FinalDatasets/Motos/bike_train/,2,Azul,125
Bike (49).jpeg,FinalDatasets/Motos/bike_train/,2,Azul,125
Bike (410).jpeg,FinalDatasets/Motos/bike_train/,2,Blanco,250
Bike (97).jpg,FinalDatasets/Motos/bike_train/,2,Rojo,250
Bike (1565).jpeg,FinalDatasets/Motos/bike_train/,2,Rojo,125
Bike (12).jpg,FinalDatasets/Motos/bike_train/,2,Azul,125
Bike (960).jpeg,FinalDatasets/Motos/bike_train/,2,Blanco,250
Bike (1538).jpeg,FinalDatasets/Motos/bike_train/,2,Verde,125
images (144).jpeg,FinalDatasets/Motos/bike_train/,2,Blanco,250
images (14).jpeg,FinalDatasets/Motos/bike_train/,2,Azul,250
Bike (324).jpeg,FinalDatasets/Motos/bike_train/,2,Azul,250
Bike (593).jpeg,FinalDatasets/Motos/bike_train/,2,Verde,125
Bike (777).jpeg,FinalDatasets/Motos/bike_train/,2,Verde,125
Bike (459).jpeg,FinalDatasets/Motos/bike_train/,2,Azul,250
Bike (335).jpeg,FinalDatasets/Motos/bike_train/,2,Azul,250
Bike (27).jpeg,FinalDatasets/Motos/bike_train/,2,Rojo,250
Bike (660).jpeg,FinalDatasets/Motos/bike_train/,2,Rojo,250
Bike (28).jpg,FinalDatasets/Motos/bike_train/,2,Verde,250
Bike (1055).jpeg,FinalDatasets/Motos/bike_train/,2,Blanco,125
Bike (57).jpeg,FinalDatasets/Motos/bike_train/,2,Azul,250
Bike (1615).jpeg,FinalDatasets/Motos/bike_train/,2,Verde,250
images (63).jpeg,FinalDatasets/Motos/bike_train/,2,Azul,250
Bike (1256).jpeg,FinalDatasets/Motos/bike_train/,2,Blanco,250
Bike (1186).jpeg,FinalDatasets/Motos/bike_train/,2,Blanco,250
Bike (597).jpeg,FinalDatasets/Motos/bike_train/,2,Verde,250
Bike (138).jpg,FinalDatasets/Motos/bike_train/,2,Verde,125
Bike (792).jpeg,FinalDatasets/Motos/bike_train/,2,Blanco,125
Bike (18).jpeg,FinalDatasets/Motos/bike_train/,2,Verde,250
Bike (1257).jpeg,FinalDatasets/Motos/bike_train/,2,Verde,125
Bike (90).jpeg,FinalDatasets/Motos/bike_train/,2,Verde,250
Bike (78).jpeg,FinalDatasets/Motos/bike_train/,2,Azul,125
Bike (265).jpeg,FinalDatasets/Motos/bike_train/,2,Azul,250
Bike (359).jpeg,FinalDatasets/Motos/bike_train/,2,Rojo,250
Bike (966).jpeg,FinalDatasets/Motos/bike_train/,2,Azul,250
Bike (1100).jpeg,FinalDatasets/Motos/bike_train/,2,Blanco,250
Bike (1137).jpeg,FinalDatasets/Motos/bike_train/,2,Blanco,125
Bike (314).jpeg,FinalDatasets/Motos/bike_train/,2,Azul,125
Bike (165).jpg,FinalDatasets/Motos/bike_train/,2,Azul,250
Bike (1557).jpeg,FinalDatasets/Motos/bike_train/,2,Rojo,250
Bike (69).jpg,FinalDatasets/Motos/bike_train/,2,Azul,125
Bike (842).jpeg,FinalDatasets/Motos/bike_train/,2,Blanco,250
Bike (323).jpeg,FinalDatasets/Motos/bike_train/,2,Blanco,125
Bike (2).png,FinalDatasets/Motos/bike_train/,2,Rojo,250
Bike (360).jpeg,FinalDatasets/Motos/bike_train/,2,Verde,125
Bike (936).jpeg,FinalDatasets/Motos/bike_train/,2,Verde,250
Bike (126).jpeg,FinalDatasets/Motos/bike_train/,2,Blanco,250
Bike (1076).jpeg,FinalDatasets/Motos/bike_train/,2,Blanco,125
Bike (327).jpeg,FinalDatasets/Motos/bike_train/,2,Rojo,250
Bike (138).jpeg,FinalDatasets/Motos/bike_train/,2,Azul,125
Bike (533).jpeg,FinalDatasets/Motos/bike_train/,2,Azul,250
Bike (91).jpeg,FinalDatasets/Motos/bike_train/,2,Verde,250
Bike (653).jpeg,FinalDatasets/Motos/bike_train/,2,Blanco,250
Bike (1412).jpeg,FinalDatasets/Motos/bike_train/,2,Verde,125
Bike (625).jpeg,FinalDatasets/Motos/bike_train/,2,Verde,250
Bike (311).jpeg,FinalDatasets/Motos/bike_train/,2,Blanco,250
images (118).jpeg,FinalDatasets/Motos/bike_train/,2,Rojo,250
images (52).jpeg,FinalDatasets/Motos/bike_train/,2,Azul,125
images (148).jpeg,FinalDatasets/Motos/bike_train/,2,Blanco,250
Bike (829).jpeg,FinalDatasets/Motos/bike_train/,2,Rojo,125
Bike (269).jpeg,FinalDatasets/Motos/bike_train/,2,Azul,250
Bike (58).jpg,FinalDatasets/Motos/bike_train/,2,Verde,125
Bike (116).jpg,FinalDatasets/Motos/bike_train/,2,Azul,125
Bike (344).jpeg,FinalDatasets/Motos/bike_train/,2,Verde,125
Bike (1002).jpeg,FinalDatasets/Motos/bike_train/,2,Blanco,250
Bike (1542).jpeg,FinalDatasets/Motos/bike_train/,2,Azul,250
Bike (573).jpeg,FinalDatasets/Motos/bike_train/,2,Blanco,125
Bike (233).jpeg,FinalDatasets/Motos/bike_train/,2,Verde,125
Bike (1183).jpeg,FinalDatasets/Motos/bike_train/,2,Azul,125
Bike (1146).jpeg,FinalDatasets/Motos/bike_train/,2,Verde,250
Bike (1419).jpeg,FinalDatasets/Motos/bike_train/,2,Rojo,125
Bike (486).jpeg,FinalDatasets/Motos/bike_train/,2,Rojo,250
Bike (5).png,FinalDatasets/Motos/bike_train/,2,Azul,250
Bike (92).jpg,FinalDatasets/Motos/bike_train/,2,Blanco,125
Bike (126).jpg,FinalDatasets/Motos/bike_train/,2,Blanco,250
Bike (1591).jpeg,FinalDatasets/Motos/bike_train/,2,Rojo,125
Bike (31).jpeg,FinalDatasets/Motos/bike_train/,2,Blanco,250
Bike (692).jpeg,FinalDatasets/Motos/bike_train/,2,Rojo,125
Bike (1095).jpeg,FinalDatasets/Motos/bike_train/,2,Blanco,125
Bike (146).jpeg,FinalDatasets/Motos/bike_train/,2,Blanco,250
Bike (565).jpeg,FinalDatasets/Motos/bike_train/,2,Blanco,125
Bike (1238).jpeg,FinalDatasets/Motos/bike_train/,2,Rojo,250
Bike (339).jpeg,FinalDatasets/Motos/bike_train/,2,Rojo,125
Bike (38).jpg,FinalDatasets/Motos/bike_train/,2,Blanco,125
Bike (853).jpeg,FinalDatasets/Motos/bike_train/,2,Rojo,125
Bike (119).JPG,FinalDatasets/Motos/bike_train/,2,Rojo,125
Bike (1365).jpeg,FinalDatasets/Motos/bike_train/,2,Azul,125
Bike (453).jpeg,FinalDatasets/Motos/bike_train/,2,Azul,125
Bike (1351).jpeg,FinalDatasets/Motos/bike_train/,2,Verde,250
Bike (59).jpg,FinalDatasets/Motos/bike_train/,2,Blanco,250
Bike (1173).jpeg,FinalDatasets/Motos/bike_train/,2,Blanco,250
Bike (919).jpeg,FinalDatasets/Motos/bike_train/,2,Azul,125
Bike (727).jpeg,FinalDatasets/Motos/bike_train/,2,Azul,125
Bike (1269).jpeg,FinalDatasets/Motos/bike_train/,2,Verde,125
Bike (413).jpeg,FinalDatasets/Motos/bike_train/,2,Verde,125
Bike (1473).jpeg,FinalDatasets/Motos/bike_train/,2,Verde,250
Bike (1456).jpeg,FinalDatasets/Motos/bike_train/,2,Azul,250
Bike (1418).jpeg,FinalDatasets/Motos/bike_train/,2,Verde,125
Bike (1587).jpeg,FinalDatasets/Motos/bike_train/,2,Blanco,125
Bike (192).jpeg,FinalDatasets/Motos/bike_train/,2,Rojo,125
Bike (1133).jpeg,FinalDatasets/Motos/bike_train/,2,Rojo,250
Bike (1466).jpeg,FinalDatasets/Motos/bike_train/,2,Rojo,250
Bike (340).jpeg,FinalDatasets/Motos/bike_train/,2,Rojo,125
Bike (292).jpeg,FinalDatasets/Motos/bike_train/,2,Blanco,250
Bike (1579).jpeg,FinalDatasets/Motos/bike_train/,2,Blanco,250
Bike (524).jpeg,FinalDatasets/Motos/bike_train/,2,Blanco,125
Bike (1544).jpeg,FinalDatasets/Motos/bike_train/,2,Azul,125
Bike (1026).jpeg,FinalDatasets/Motos/bike_train/,2,Blanco,125
Bike (1604).jpeg,FinalDatasets/Motos/bike_train/,2,Rojo,250
Bike (61).jpeg,FinalDatasets/Motos/bike_train/,2,Verde,250
Bike (1383).jpeg,FinalDatasets/Motos/bike_train/,2,Rojo,250
image (15).jpeg,FinalDatasets/Motos/bike_train/,2,Azul,125
Bike (1038).jpeg,FinalDatasets/Motos/bike_train/,2,Verde,125
Bike (1497).jpeg,FinalDatasets/Motos/bike_train/,2,Verde,125
Bike (1271).jpeg,FinalDatasets/Motos/bike_train/,2,Blanco,250
Bike (1545).jpeg,FinalDatasets/Motos/bike_train/,2,Rojo,250
Bike (469).jpeg,FinalDatasets/Motos/bike_train/,2,Blanco,125
images (45).jpeg,FinalDatasets/Motos/bike_train/,2,Rojo,125
Bike (291).jpeg,FinalDatasets/Motos/bike_train/,2,Azul,125
Bike (804).jpeg,FinalDatasets/Motos/bike_train/,2,Rojo,250
Bike (310).jpeg,FinalDatasets/Motos/bike_train/,2,Rojo,125
Bike (1228).jpeg,FinalDatasets/Motos/bike_train/,2,Rojo,250
images (81).jpeg,FinalDatasets/Motos/bike_train/,2,Rojo,250
Bike (1611).jpeg,FinalDatasets/Motos/bike_train/,2,Rojo,125
Bike (1523).jpeg,FinalDatasets/Motos/bike_train/,2,Azul,125
Bike (1597).jpeg,FinalDatasets/Motos/bike_train/,2,Azul,250
Bike (859).jpeg,FinalDatasets/Motos/bike_train/,2,Rojo,250
Bike (673).jpeg,FinalDatasets/Motos/bike_train/,2,Azul,250
Bike (576).jpeg,FinalDatasets/Motos/bike_train/,2,Blanco,250
Bike (240).jpeg,FinalDatasets/Motos/bike_train/,2,Rojo,125
Bike (1434).jpeg,FinalDatasets/Motos/bike_train/,2,Verde,125
Bike (1131).jpeg,FinalDatasets/Motos/bike_train/,2,Azul,250
Bike (1381).jpeg,FinalDatasets/Motos/bike_train/,2,Azul,125
Bike (1308).jpeg,FinalDatasets/Motos/bike_train/,2,Verde,125
Bike (570).jpeg,FinalDatasets/Motos/bike_train/,2,Blanco,250
Bike (1036).jpeg,FinalDatasets/Motos/bike_train/,2,Rojo,250
Bike (104).jpg,FinalDatasets/Motos/bike_train/,2,Azul,250
images (82).jpeg,FinalDatasets/Motos/bike_train/,2,Blanco,125
Bike (136).jpg,FinalDatasets/Motos/bike_train/,2,Blanco,125
Bike (4).png,FinalDatasets/Motos/bike_train/,2,Azul,250
Bike (63).jpeg,FinalDatasets/Motos/bike_train/,2,Verde,250
Bike (1384).jpeg,FinalDatasets/Motos/bike_train/,2,Blanco,125
Bike (750).jpeg,FinalDatasets/Motos/bike_train/,2,Blanco,250
Bike (1253).jpeg,FinalDatasets/Motos/bike_train/,2,Verde,125
Bike (1339).jpeg,FinalDatasets/Motos/bike_train/,2,Rojo,125
Bike (153).jpg,FinalDatasets/Motos/bike_train/,2,Rojo,125
images (132).jpeg,FinalDatasets/Motos/bike_train/,2,Verde,125
Bike (366).jpeg,FinalDatasets/Motos/bike_train/,2,Azul,250
Bike (132).jpg,FinalDatasets/Motos/bike_train/,2,Rojo,125
Bike (251).jpeg,FinalDatasets/Motos/bike_train/,2,Azul,250
Bike (575).jpeg,FinalDatasets/Motos/bike_train/,2,Blanco,250
Bike (1277).jpeg,FinalDatasets/Motos/bike_train/,2,Blanco,250
Bike (547).jpeg,FinalDatasets/Motos/bike_train/,2,Azul,250
Bike (724).jpeg,FinalDatasets/Motos/bike_train/,2,Rojo,250
Bike (449).jpeg,FinalDatasets/Motos/bike_train/,2,Blanco,125
Bike (89).jpeg,FinalDatasets/Motos/bike_train/,2,Blanco,125
Bike (371).jpeg,FinalDatasets/Motos/bike_train/,2,Verde,250
Bike (439).jpeg,FinalDatasets/Motos/bike_train/,2,Blanco,250
images (123).jpeg,FinalDatasets/Motos/bike_train/,2,Rojo,125
Bike (997).jpeg,FinalDatasets/Motos/bike_train/,2,Rojo,125
Bike (652).jpeg,FinalDatasets/Motos/bike_train/,2,Verde,125
Bike (870).jpeg,FinalDatasets/Motos/bike_train/,2,Blanco,125
Bike (873).jpeg,FinalDatasets/Motos/bike_train/,2,Blanco,250
Bike (1609).jpeg,FinalDatasets/Motos/bike_train/,2,Azul,125
Bike (1190).jpeg,FinalDatasets/Motos/bike_train/,2,Rojo,250
Bike (8).png,FinalDatasets/Motos/bike_train/,2,Blanco,125
Bike (65).jpeg,FinalDatasets/Motos/bike_train/,2,Rojo,125
Bike (1330).jpeg,FinalDatasets/Motos/bike_train/,2,Azul,250
Bike (1417).jpeg,FinalDatasets/Motos/bike_train/,2,Blanco,250
Bike (732).jpeg,FinalDatasets/Motos/bike_train/,2,Rojo,125
Bike (1583).jpeg,FinalDatasets/Motos/bike_train/,2,Verde,125
Bike (243).jpeg,FinalDatasets/Motos/bike_train/,2,Rojo,250
Bike (1001).jpeg,FinalDatasets/Motos/bike_train/,2,Azul,125
Bike (835).jpeg,FinalDatasets/Motos/bike_train/,2,Verde,125
Bike (584).jpeg,FinalDatasets/Motos/bike_train/,2,Azul,250
Bike (860).jpeg,FinalDatasets/Motos/bike_train/,2,Rojo,250
Bike (888).jpeg,FinalDatasets/Motos/bike_train/,2,Azul,250
Bike (758).jpeg,FinalDatasets/Motos/bike_train/,2,Rojo,125
images (90).jpeg,FinalDatasets/Motos/bike_train/,2,Blanco,250
Bike (608).jpeg,FinalDatasets/Motos/bike_train/,2,Rojo,125
Bike (26).png,FinalDatasets/Motos/bike_train/,2,Azul,125
Bike (1328).jpeg,FinalDatasets/Motos/bike_train/,2,Azul,250
Bike (1613).jpeg,FinalDatasets/Motos/bike_train/,2,Blanco,250
images (125).jpeg,FinalDatasets/Motos/bike_train/,2,Blanco,250
Bike (1226).jpeg,FinalDatasets/Motos/bike_train/,2,Verde,250
Bike (1309).jpeg,FinalDatasets/Motos/bike_train/,2,Azul,125
Bike (499).jpeg,FinalDatasets/Motos/bike_train/,2,Azul,250
Bike (659).jpeg,FinalDatasets/Motos/bike_train/,2,Azul,250
Bike (1050).jpeg,FinalDatasets/Motos/bike_train/,2,Blanco,250
Bike (8).jpeg,FinalDatasets/Motos/bike_train/,2,Rojo,250
Bike (1161).jpeg,FinalDatasets/Motos/bike_train/,2,Rojo,125
Bike (613).jpeg,FinalDatasets/Motos/bike_train/,2,Verde,125
Bike (1440).jpeg,FinalDatasets/Motos/bike_train/,2,Rojo,250
Bike (995).jpeg,FinalDatasets/Motos/bike_train/,2,Verde,250
Bike (1107).jpeg,FinalDatasets/Motos/bike_train/,2,Azul,125
Bike (322).jpeg,FinalDatasets/Motos/bike_train/,2,Verde,125
image (1).jpeg,FinalDatasets/Motos/bike_train/,2,Rojo,125
Bike (13).png,FinalDatasets/Motos/bike_train/,2,Rojo,250
Bike (752).jpeg,FinalDatasets/Motos/bike_train/,2,Rojo,125
Bike (1555).jpeg,FinalDatasets/Motos/bike_train/,2,Verde,125
Bike (1264).jpeg,FinalDatasets/Motos/bike_train/,2,Azul,250
Bike (155).jpeg,FinalDatasets/Motos/bike_train/,2,Verde,125
Bike (473).jpeg,FinalDatasets/Motos/bike_train/,2,Azul,250
Bike (461).jpeg,FinalDatasets/Motos/bike_train/,2,Blanco,125
Bike (1589).jpeg,FinalDatasets/Motos/bike_train/,2,Verde,250
images (19).jpeg,FinalDatasets/Motos/bike_train/,2,Azul,250
Bike (555).jpeg,FinalDatasets/Motos/bike_train/,2,Blanco,125
Bike (739).jpeg,FinalDatasets/Motos/bike_train/,2,Rojo,125
Bike (194).jpeg,FinalDatasets/Motos/bike_train/,2,Blanco,125
image (21).jpeg,FinalDatasets/Motos/bike_train/,2,Azul,250
Bike (1433).jpeg,FinalDatasets/Motos/bike_train/,2,Blanco,125
images (105).jpeg,FinalDatasets/Motos/bike_train/,2,Rojo,125
Bike (1364).jpeg,FinalDatasets/Motos/bike_train/,2,Rojo,250
Bike (1084).jpeg,FinalDatasets/Motos/bike_train/,2,Verde,125
Bike (1225).jpeg,FinalDatasets/Motos/bike_train/,2,Blanco,125
Bike (455).jpeg,FinalDatasets/Motos/bike_train/,2,Rojo,125
Bike (184).jpg,FinalDatasets/Motos/bike_train/,2,Verde,125
Bike (679).jpeg,FinalDatasets/Motos/bike_train/,2,Azul,125
Bike (970).jpeg,FinalDatasets/Motos/bike_train/,2,Azul,125
Bike (137).jpeg,FinalDatasets/Motos/bike_train/,2,Blanco,250
Bike (438).jpeg,FinalDatasets/Motos/bike_train/,2,Azul,125
Bike (1281).jpeg,FinalDatasets/Motos/bike_train/,2,Verde,125
Bike (1033).jpeg,FinalDatasets/Motos/bike_train/,2,Verde,125
Bike (592).jpeg,FinalDatasets/Motos/bike_train/,2,Verde,125
Bike (981).jpeg,FinalDatasets/Motos/bike_train/,2,Rojo,250
Bike (106).jpeg,FinalDatasets/Motos/bike_train/,2,Azul,125
Bike (288).jpeg,FinalDatasets/Motos/bike_train/,2,Azul,125
images (92).jpeg,FinalDatasets/Motos/bike_train/,2,Blanco,125
Bike (564).jpeg,FinalDatasets/Motos/bike_train/,2,Azul,250
Bike (827).jpeg,FinalDatasets/Motos/bike_train/,2,Blanco,250
Bike (1031).jpeg,FinalDatasets/Motos/bike_train/,2,Azul,250
Bike (16).jpg,FinalDatasets/Motos/bike_train/,2,Rojo,125
Bike (64).jpeg,FinalDatasets/Motos/bike_train/,2,Blanco,250
Bike (171).jpg,FinalDatasets/Motos/bike_train/,2,Azul,250
Bike (6).jpg,FinalDatasets/Motos/bike_train/,2,Azul,125
Bike (560).jpeg,FinalDatasets/Motos/bike_train/,2,Verde,125
Bike (1109).jpeg,FinalDatasets/Motos/bike_train/,2,Azul,250
Bike (971).jpeg,FinalDatasets/Motos/bike_train/,2,Blanco,250
Bike (137).jpg,FinalDatasets/Motos/bike_train/,2,Verde,125
Bike (1388).jpeg,FinalDatasets/Motos/bike_train/,2,Blanco,250
Bike (1205).jpeg,FinalDatasets/Motos/bike_train/,2,Verde,250
Bike (1432).jpeg,FinalDatasets/Motos/bike_train/,2,Verde,125
Bike (834).jpeg,FinalDatasets/Motos/bike_train/,2,Blanco,250
Bike (574).jpeg,FinalDatasets/Motos/bike_train/,2,Azul,250
Bike (616).jpeg,FinalDatasets/Motos/bike_train/,2,Rojo,250
Bike (1000).jpeg,FinalDatasets/Motos/bike_train/,2,Blanco,250
Bike (72).jpg,FinalDatasets/Motos/bike_train/,2,Azul,250
Bike (942).jpeg,FinalDatasets/Motos/bike_train/,2,Rojo,125
Bike (1139).jpeg,FinalDatasets/Motos/bike_train/,2,Verde,250
Bike (273).jpeg,FinalDatasets/Motos/bike_train/,2,Rojo,250
Bike (1403).jpeg,FinalDatasets/Motos/bike_train/,2,Verde,250
Bike (849).jpeg,FinalDatasets/Motos/bike_train/,2,Rojo,250
Bike (1539).jpeg,FinalDatasets/Motos/bike_train/,2,Rojo,250
Bike (1012).jpeg,FinalDatasets/Motos/bike_train/,2,Azul,250
Bike (125).jpg,FinalDatasets/Motos/bike_train/,2,Verde,250
Bike (1089).jpeg,FinalDatasets/Motos/bike_train/,2,Blanco,250
Bike (1490).jpeg,FinalDatasets/Motos/bike_train/,2,Azul,125
Bike (1090).jpeg,FinalDatasets/Motos/bike_train/,2,Rojo,125
Bike (166).jpeg,FinalDatasets/Motos/bike_train/,2,Rojo,250
Bike (1048).jpeg,FinalDatasets/Motos/bike_train/,2,Blanco,125
Bike (1373).jpeg,FinalDatasets/Motos/bike_train/,2,Rojo,125
Bike (789).jpeg,FinalDatasets/Motos/bike_train/,2,Rojo,125
Bike (349).jpeg,FinalDatasets/Motos/bike_train/,2,Blanco,250
Bike (9).jpg,FinalDatasets/Motos/bike_train/,2,Azul,250
Bike (14).png,FinalDatasets/Motos/bike_train/,2,Verde,250
Bike (1543).jpeg,FinalDatasets/Motos/bike_train/,2,Rojo,250
Bike (45).jpeg,FinalDatasets/Motos/bike_train/,2,Azul,250
Bike (19).jpeg,FinalDatasets/Motos/bike_train/,2,Azul,125
image (12).jpeg,FinalDatasets/Motos/bike_train/,2,Azul,125
Bike (427).jpeg,FinalDatasets/Motos/bike_train/,2,Azul,250
Bike (1023).jpeg,FinalDatasets/Motos/bike_train/,2,Blanco,250
Bike (1119).jpeg,FinalDatasets/Motos/bike_train/,2,Azul,125
Bike (640).jpeg,FinalDatasets/Motos/bike_train/,2,Azul,125
images (152).jpeg,FinalDatasets/Motos/bike_train/,2,Rojo,250
Bike (7).png,FinalDatasets/Motos/bike_train/,2,Blanco,125
Bike (1406).jpeg,FinalDatasets/Motos/bike_train/,2,Azul,125
Bike (503).jpeg,FinalDatasets/Motos/bike_train/,2,Azul,125
Bike (35).jpg,FinalDatasets/Motos/bike_train/,2,Verde,250
Bike (354).jpeg,FinalDatasets/Motos/bike_train/,2,Blanco,250
Bike (1576).jpeg,FinalDatasets/Motos/bike_train/,2,Verde,125
Bike (866).jpeg,FinalDatasets/Motos/bike_train/,2,Verde,125
Bike (532).jpeg,FinalDatasets/Motos/bike_train/,2,Blanco,250
Bike (1149).jpeg,FinalDatasets/Motos/bike_train/,2,Rojo,250
Bike (337).jpeg,FinalDatasets/Motos/bike_train/,2,Azul,125
Bike (481).jpeg,FinalDatasets/Motos/bike_train/,2,Rojo,125
Bike (1592).jpeg,FinalDatasets/Motos/bike_train/,2,Rojo,125
Bike (563).jpeg,FinalDatasets/Motos/bike_train/,2,Rojo,125
images (17).jpeg,FinalDatasets/Motos/bike_train/,2,Azul,125
Bike (667).jpeg,FinalDatasets/Motos/bike_train/,2,Azul,250
images (72).jpeg,FinalDatasets/Motos/bike_train/,2,Verde,250
Bike (24).jpeg,FinalDatasets/Motos/bike_train/,2,Verde,250
Bike (23).jpeg,FinalDatasets/Motos/bike_train/,2,Blanco,250
Bike (152).jpeg,FinalDatasets/Motos/bike_train/,2,Rojo,250
Bike (1573).jpeg,FinalDatasets/Motos/bike_train/,2,Blanco,250
Bike (424).jpeg,FinalDatasets/Motos/bike_train/,2,Rojo,250
Bike (1040).jpeg,FinalDatasets/Motos/bike_train/,2,Blanco,250
Bike (120).jpg,FinalDatasets/Motos/bike_train/,2,Azul,250
Bike (1371).jpeg,FinalDatasets/Motos/bike_train/,2,Verde,125
Bike (1021).jpeg,FinalDatasets/Motos/bike_train/,2,Azul,125
Bike (760).jpeg,FinalDatasets/Motos/bike_train/,2,Rojo,250
Bike (802).jpeg,FinalDatasets/Motos/bike_train/,2,Azul,250
Bike (944).jpeg,FinalDatasets/Motos/bike_train/,2,Azul,250
Bike (2).jpg,FinalDatasets/Motos/bike_train/,2,Azul,125
Bike (543).jpeg,FinalDatasets/Motos/bike_train/,2,Verde,125
Bike (941).jpeg,FinalDatasets/Motos/bike_train/,2,Blanco,125
Bike (1448).jpeg,FinalDatasets/Motos/bike_train/,2,Blanco,125
Bike (1519).jpeg,FinalDatasets/Motos/bike_train/,2,Rojo,250
Bike (78).jpg,FinalDatasets/Motos/bike_train/,2,Azul,125
Bike (1128).jpeg,FinalDatasets/Motos/bike_train/,2,Rojo,125
images (55).jpeg,FinalDatasets/Motos/bike_train/,2,Azul,250
Bike (115).jpeg,FinalDatasets/Motos/bike_train/,2,Blanco,250
Bike (1454).jpeg,FinalDatasets/Motos/bike_train/,2,Rojo,125
Bike (985).jpeg,FinalDatasets/Motos/bike_train/,2,Rojo,125
Bike (497).jpeg,FinalDatasets/Motos/bike_train/,2,Rojo,125
Bike (1467).jpeg,FinalDatasets/Motos/bike_train/,2,Rojo,125
Bike (370).jpeg,FinalDatasets/Motos/bike_train/,2,Rojo,125
Bike (1094).jpeg,FinalDatasets/Motos/bike_train/,2,Azul,125
Bike (577).jpeg,FinalDatasets/Motos/bike_train/,2,Verde,125
Bike (1221).jpeg,FinalDatasets/Motos/bike_train/,2,Blanco,125
Bike (1449).jpeg,FinalDatasets/Motos/bike_train/,2,Verde,250
Bike (1504).jpeg,FinalDatasets/Motos/bike_train/,2,Verde,250
Bike (1263).jpeg,FinalDatasets/Motos/bike_train/,2,Blanco,125
images (22).jpeg,FinalDatasets/Motos/bike_train/,2,Rojo,125
Bike (1282).jpeg,FinalDatasets/Motos/bike_train/,2,Blanco,250
Bike (123).jpg,FinalDatasets/Motos/bike_train/,2,Blanco,125
Bike (143).jpg,FinalDatasets/Motos/bike_train/,2,Blanco,125
Bike (103).jpeg,FinalDatasets/Motos/bike_train/,2,Rojo,250
images (5).jpeg,FinalDatasets/Motos/bike_train/,2,Verde,250
Bike (845).jpeg,FinalDatasets/Motos/bike_train/,2,Blanco,250
Bike (202).jpeg,FinalDatasets/Motos/bike_train/,2,Azul,125
Bike (18).png,FinalDatasets/Motos/bike_train/,2,Azul,250
Bike (1188).jpeg,FinalDatasets/Motos/bike_train/,2,Azul,125
Bike (1034).jpeg,FinalDatasets/Motos/bike_train/,2,Blanco,125
Bike (437).jpeg,FinalDatasets/Motos/bike_train/,2,Blanco,125
Bike (1070).jpeg,FinalDatasets/Motos/bike_train/,2,Verde,250
Bike (474).jpeg,FinalDatasets/Motos/bike_train/,2,Verde,250
Bike (477).jpeg,FinalDatasets/Motos/bike_train/,2,Rojo,250
Bike (638).jpeg,FinalDatasets/Motos/bike_train/,2,Azul,125
Bike (1121).jpeg,FinalDatasets/Motos/bike_train/,2,Azul,125
Bike (579).jpeg,FinalDatasets/Motos/bike_train/,2,Rojo,125
Bike (828).jpeg,FinalDatasets/Motos/bike_train/,2,Rojo,250
Bike (1414).jpeg,FinalDatasets/Motos/bike_train/,2,Rojo,125
images (61).jpeg,FinalDatasets/Motos/bike_train/,2,Blanco,125
Bike (876).jpeg,FinalDatasets/Motos/bike_train/,2,Rojo,250
images (133).jpeg,FinalDatasets/Motos/bike_train/,2,Verde,250
Bike (650).jpeg,FinalDatasets/Motos/bike_train/,2,Rojo,125
Bike (1013).jpeg,FinalDatasets/Motos/bike_train/,2,Verde,125
Bike (798).jpeg,FinalDatasets/Motos/bike_train/,2,Rojo,250
Bike (1259).jpeg,FinalDatasets/Motos/bike_train/,2,Rojo,125
Bike (1129).jpeg,FinalDatasets/Motos/bike_train/,2,Blanco,250
Bike (767).jpeg,FinalDatasets/Motos/bike_train/,2,Rojo,250
Bike (1529).jpeg,FinalDatasets/Motos/bike_train/,2,Blanco,250
Bike (270).jpeg,FinalDatasets/Motos/bike_train/,2,Rojo,250
Bike (1022).jpeg,FinalDatasets/Motos/bike_train/,2,Azul,250
image (18).jpeg,FinalDatasets/Motos/bike_train/,2,Azul,250
Bike (1484).jpeg,FinalDatasets/Motos/bike_train/,2,Verde,125
Bike (979).jpeg,FinalDatasets/Motos/bike_train/,2,Rojo,250
images (28).jpeg,FinalDatasets/Motos/bike_train/,2,Verde,250
Bike (1492).jpeg,FinalDatasets/Motos/bike_train/,2,Rojo,250
Bike (708).jpeg,FinalDatasets/Motos/bike_train/,2,Verde,125
Bike (1550).jpeg,FinalDatasets/Motos/bike_train/,2,Azul,250
Bike (925).jpeg,FinalDatasets/Motos/bike_train/,2,Blanco,250
Bike (634).jpeg,FinalDatasets/Motos/bike_train/,2,Blanco,250
Bike (965).jpeg,FinalDatasets/Motos/bike_train/,2,Rojo,125
Bike (1441).jpeg,FinalDatasets/Motos/bike_train/,2,Verde,250
Bike (1602).jpeg,FinalDatasets/Motos/bike_train/,2,Rojo,125
Bike (444).jpeg,FinalDatasets/Motos/bike_train/,2,Verde,250
Bike (1428).jpeg,FinalDatasets/Motos/bike_train/,2,Rojo,250
Bike (865).jpeg,FinalDatasets/Motos/bike_train/,2,Rojo,125
Bike (417).jpeg,FinalDatasets/Motos/bike_train/,2,Azul,125
Bike (1491).jpeg,FinalDatasets/Motos/bike_train/,2,Azul,125
Bike (950).jpeg,FinalDatasets/Motos/bike_train/,2,Rojo,125
Bike (428).jpeg,FinalDatasets/Motos/bike_train/,2,Verde,125
image (6).jpeg,FinalDatasets/Motos/bike_train/,2,Rojo,125
Bike (328).jpeg,FinalDatasets/Motos/bike_train/,2,Rojo,250
Bike (871).jpeg,FinalDatasets/Motos/bike_train/,2,Rojo,250
Bike (118).jpeg,FinalDatasets/Motos/bike_train/,2,Rojo,250
Bike (526).jpeg,FinalDatasets/Motos/bike_train/,2,Verde,125
images (96).jpeg,FinalDatasets/Motos/bike_train/,2,Blanco,250
Bike (1).png,FinalDatasets/Motos/bike_train/,2,Rojo,250
Bike (1407).jpeg,FinalDatasets/Motos/bike_train/,2,Azul,125
Bike (1208).jpeg,FinalDatasets/Motos/bike_train/,2,Rojo,250
Bike (698).jpeg,FinalDatasets/Motos/bike_train/,2,Rojo,125
images (83).jpeg,FinalDatasets/Motos/bike_train/,2,Azul,250
Bike (160).jpeg,FinalDatasets/Motos/bike_train/,2,Rojo,125
Bike (41).jpg,FinalDatasets/Motos/bike_train/,2,Blanco,250
Bike (207).jpeg,FinalDatasets/Motos/bike_train/,2,Rojo,125
Bike (128).jpg,FinalDatasets/Motos/bike_train/,2,Azul,125
Bike (348).jpeg,FinalDatasets/Motos/bike_train/,2,Blanco,250
Bike (1338).jpeg,FinalDatasets/Motos/bike_train/,2,Rojo,125
images (65).jpeg,FinalDatasets/Motos/bike_train/,2,Rojo,125
Bike (154).jpg,FinalDatasets/Motos/bike_train/,2,Azul,250
images (100).jpeg,FinalDatasets/Motos/bike_train/,2,Blanco,125
Bike (1370).jpeg,FinalDatasets/Motos/bike_train/,2,Rojo,125
Bike (169).jpg,FinalDatasets/Motos/bike_train/,2,Verde,250
Bike (283).jpeg,FinalDatasets/Motos/bike_train/,2,Blanco,125
Bike (258).jpeg,FinalDatasets/Motos/bike_train/,2,Verde,250
image (22).jpeg,FinalDatasets/Motos/bike_train/,2,Blanco,125
Bike (172).jpeg,FinalDatasets/Motos/bike_train/,2,Blanco,250
Bike (1255).jpeg,FinalDatasets/Motos/bike_train/,2,Verde,250
Bike (1507).jpeg,FinalDatasets/Motos/bike_train/,2,Rojo,250
Bike (1029).jpeg,FinalDatasets/Motos/bike_train/,2,Rojo,125
Bike (687).jpeg,FinalDatasets/Motos/bike_train/,2,Rojo,250
Bike (1106).jpeg,FinalDatasets/Motos/bike_train/,2,Blanco,125
Bike (705).jpeg,FinalDatasets/Motos/bike_train/,2,Blanco,125
Bike (131).jpeg,FinalDatasets/Motos/bike_train/,2,Azul,125
Bike (293).jpeg,FinalDatasets/Motos/bike_train/,2,Blanco,250
Bike (1350).jpeg,FinalDatasets/Motos/bike_train/,2,Blanco,125
Bike (436).jpeg,FinalDatasets/Motos/bike_train/,2,Blanco,250
Bike (1006).jpeg,FinalDatasets/Motos/bike_train/,2,Rojo,125
image (29).jpeg,FinalDatasets/Motos/bike_train/,2,Verde,125
Bike (200).jpeg,FinalDatasets/Motos/bike_train/,2,Verde,250
Bike (15).jpg,FinalDatasets/Motos/bike_train/,2,Verde,250
Bike (212).jpeg,FinalDatasets/Motos/bike_train/,2,Azul,250
Bike (237).jpeg,FinalDatasets/Motos/bike_train/,2,Verde,250
Bike (118).jpg,FinalDatasets/Motos/bike_train/,2,Verde,125
Bike (988).jpeg,FinalDatasets/Motos/bike_train/,2,Rojo,125
Bike (254).jpeg,FinalDatasets/Motos/bike_train/,2,Blanco,125
Bike (1402).jpeg,FinalDatasets/Motos/bike_train/,2,Rojo,125
Bike (1051).jpeg,FinalDatasets/Motos/bike_train/,2,Azul,250
Bike (1584).jpeg,FinalDatasets/Motos/bike_train/,2,Azul,125
Bike (1185).jpeg,FinalDatasets/Motos/bike_train/,2,Rojo,125
Bike (71).jpg,FinalDatasets/Motos/bike_train/,2,Azul,125
Bike (1).jpg,FinalDatasets/Motos/bike_train/,2,Blanco,125
Bike (587).jpeg,FinalDatasets/Motos/bike_train/,2,Rojo,250
Bike (1239).jpeg,FinalDatasets/Motos/bike_train/,2,Rojo,250
Bike (482).jpeg,FinalDatasets/Motos/bike_train/,2,Blanco,125
Bike (528).jpeg,FinalDatasets/Motos/bike_train/,2,Rojo,125
images (20).jpeg,FinalDatasets/Motos/bike_train/,2,Blanco,250
Bike (116).jpeg,FinalDatasets/Motos/bike_train/,2,Rojo,250
Bike (747).jpeg,FinalDatasets/Motos/bike_train/,2,Verde,250
images (112).jpeg,FinalDatasets/Motos/bike_train/,2,Verde,125
Bike (766).jpeg,FinalDatasets/Motos/bike_train/,2,Azul,125
Bike (1262).jpeg,FinalDatasets/Motos/bike_train/,2,Blanco,125
Bike (307).jpeg,FinalDatasets/Motos/bike_train/,2,Blanco,250
Bike (874).jpeg,FinalDatasets/Motos/bike_train/,2,Rojo,125
Bike (429).jpeg,FinalDatasets/Motos/bike_train/,2,Azul,125
Bike (1568).jpeg,FinalDatasets/Motos/bike_train/,2,Verde,250
Bike (174).jpg,FinalDatasets/Motos/bike_train/,2,Rojo,250
Bike (523).jpeg,FinalDatasets/Motos/bike_train/,2,Blanco,250
Bike (493).jpeg,FinalDatasets/Motos/bike_train/,2,Rojo,125
Bike (763).jpeg,FinalDatasets/Motos/bike_train/,2,Verde,125
images (117).jpeg,FinalDatasets/Motos/bike_train/,2,Rojo,125
Bike (713).jpeg,FinalDatasets/Motos/bike_train/,2,Verde,125
Bike (400).jpeg,FinalDatasets/Motos/bike_train/,2,Blanco,250
images (142).jpeg,FinalDatasets/Motos/bike_train/,2,Blanco,125
Bike (1159).jpeg,FinalDatasets/Motos/bike_train/,2,Verde,125
Bike (618).jpeg,FinalDatasets/Motos/bike_train/,2,Blanco,125
Bike (362).jpeg,FinalDatasets/Motos/bike_train/,2,Blanco,125
Bike (1355).jpeg,FinalDatasets/Motos/bike_train/,2,Azul,250
Bike (762).jpeg,FinalDatasets/Motos/bike_train/,2,Azul,250
Bike (1240).jpeg,FinalDatasets/Motos/bike_train/,2,Verde,250
Bike (70).jpeg,FinalDatasets/Motos/bike_train/,2,Verde,250
Bike (217).jpeg,FinalDatasets/Motos/bike_train/,2,Azul,125
Bike (302).jpeg,FinalDatasets/Motos/bike_train/,2,Rojo,250
Bike (1083).jpeg,FinalDatasets/Motos/bike_train/,2,Verde,250
Bike (1270).jpeg,FinalDatasets/Motos/bike_train/,2,Azul,125
Bike (1389).jpeg,FinalDatasets/Motos/bike_train/,2,Verde,250
Bike (60).jpeg,FinalDatasets/Motos/bike_train/,2,Blanco,125
Bike (1326).jpeg,FinalDatasets/Motos/bike_train/,2,Blanco,125
Bike (263).jpeg,FinalDatasets/Motos/bike_train/,2,Rojo,125
Bike (107).jpg,FinalDatasets/Motos/bike_train/,2,Azul,125
Bike (1252).jpeg,FinalDatasets/Motos/bike_train/,2,Verde,250
images (145).jpeg,FinalDatasets/Motos/bike_train/,2,Verde,125
Bike (907).jpeg,FinalDatasets/Motos/bike_train/,2,Blanco,125
Bike (83).jpeg,FinalDatasets/Motos/bike_train/,2,Rojo,125
images (102).jpeg,FinalDatasets/Motos/bike_train/,2,Blanco,250
Bike (881).jpeg,FinalDatasets/Motos/bike_train/,2,Rojo,125
Bike (1258).jpeg,FinalDatasets/Motos/bike_train/,2,Verde,125
Bike (1474).jpeg,FinalDatasets/Motos/bike_train/,2,Rojo,250
Bike (1580).jpeg,FinalDatasets/Motos/bike_train/,2,Rojo,250
Bike (1057).jpeg,FinalDatasets/Motos/bike_train/,2,Rojo,250
Bike (959).jpeg,FinalDatasets/Motos/bike_train/,2,Rojo,250
images (78).jpeg,FinalDatasets/Motos/bike_train/,2,Rojo,125
Bike (1207).jpeg,FinalDatasets/Motos/bike_train/,2,Blanco,125
Bike (281).jpeg,FinalDatasets/Motos/bike_train/,2,Blanco,125
Bike (862).jpeg,FinalDatasets/Motos/bike_train/,2,Azul,125
Bike (843).jpeg,FinalDatasets/Motos/bike_train/,2,Rojo,125
Bike (182).jpeg,FinalDatasets/Motos/bike_train/,2,Rojo,250
Bike (161).jpeg,FinalDatasets/Motos/bike_train/,2,Blanco,125
Bike (999).jpeg,FinalDatasets/Motos/bike_train/,2,Azul,250
Bike (730).jpeg,FinalDatasets/Motos/bike_train/,2,Azul,125
image (17).jpeg,FinalDatasets/Motos/bike_train/,2,Rojo,250
Bike (487).jpeg,FinalDatasets/Motos/bike_train/,2,Rojo,125
Bike (142).jpeg,FinalDatasets/Motos/bike_train/,2,Blanco,250
Bike (643).jpeg,FinalDatasets/Motos/bike_train/,2,Blanco,250
images (58).jpeg,FinalDatasets/Motos/bike_train/,2,Azul,250
images (95).jpeg,FinalDatasets/Motos/bike_train/,2,Azul,125
Bike (169).jpeg,FinalDatasets/Motos/bike_train/,2,Blanco,250
Bike (1103).jpeg,FinalDatasets/Motos/bike_train/,2,Rojo,250
images (107).jpeg,FinalDatasets/Motos/bike_train/,2,Blanco,250
Bike (1080).jpeg,FinalDatasets/Motos/bike_train/,2,Verde,125
Bike (195).jpeg,FinalDatasets/Motos/bike_train/,2,Azul,125
Bike (590).jpeg,FinalDatasets/Motos/bike_train/,2,Blanco,125
Bike (363).jpeg,FinalDatasets/Motos/bike_train/,2,Azul,250
Bike (869).jpeg,FinalDatasets/Motos/bike_train/,2,Rojo,125
Bike (770).jpeg,FinalDatasets/Motos/bike_train/,2,Rojo,250
Bike (51).jpg,FinalDatasets/Motos/bike_train/,2,Blanco,125
Bike (392).jpeg,FinalDatasets/Motos/bike_train/,2,Verde,250
Bike (1164).jpeg,FinalDatasets/Motos/bike_train/,2,Rojo,250
Bike (130).jpg,FinalDatasets/Motos/bike_train/,2,Rojo,250
Bike (633).jpeg,FinalDatasets/Motos/bike_train/,2,Verde,125
Bike (610).jpeg,FinalDatasets/Motos/bike_train/,2,Blanco,250
Bike (129).jpg,FinalDatasets/Motos/bike_train/,2,Verde,250
images (46).jpeg,FinalDatasets/Motos/bike_train/,2,Azul,250
Bike (72).jpeg,FinalDatasets/Motos/bike_train/,2,Rojo,125
Bike (1610).jpeg,FinalDatasets/Motos/bike_train/,2,Verde,125
Bike (435).jpeg,FinalDatasets/Motos/bike_train/,2,Blanco,125
Bike (1525).jpeg,FinalDatasets/Motos/bike_train/,2,Verde,250
Bike (27).png,FinalDatasets/Motos/bike_train/,2,Rojo,125
Bike (261).jpeg,FinalDatasets/Motos/bike_train/,2,Verde,250
Bike (470).jpeg,FinalDatasets/Motos/bike_train/,2,Blanco,125
Bike (44).jpeg,FinalDatasets/Motos/bike_train/,2,Azul,250
Bike (1101).jpeg,FinalDatasets/Motos/bike_train/,2,Verde,250
Bike (369).jpeg,FinalDatasets/Motos/bike_train/,2,Rojo,125
Bike (911).jpeg,FinalDatasets/Motos/bike_train/,2,Azul,250
Bike (772).jpeg,FinalDatasets/Motos/bike_train/,2,Blanco,125
images (91).jpeg,FinalDatasets/Motos/bike_train/,2,Blanco,125
Bike (164).jpg,FinalDatasets/Motos/bike_train/,2,Verde,125
Bike (918).jpeg,FinalDatasets/Motos/bike_train/,2,Verde,125
Bike (1073).jpeg,FinalDatasets/Motos/bike_train/,2,Verde,125
Bike (1046).jpeg,FinalDatasets/Motos/bike_train/,2,Azul,125
Bike (746).jpeg,FinalDatasets/Motos/bike_train/,2,Verde,125
Bike (12).jpeg,FinalDatasets/Motos/bike_train/,2,Blanco,250
Bike (598).jpeg,FinalDatasets/Motos/bike_train/,2,Rojo,250
Bike (609).jpeg,FinalDatasets/Motos/bike_train/,2,Blanco,250
Bike (744).jpeg,FinalDatasets/Motos/bike_train/,2,Azul,250
Bike (1344).jpeg,FinalDatasets/Motos/bike_train/,2,Blanco,125
Bike (295).jpeg,FinalDatasets/Motos/bike_train/,2,Blanco,125
Bike (306).jpeg,FinalDatasets/Motos/bike_train/,2,Azul,125
Bike (1605).jpeg,FinalDatasets/Motos/bike_train/,2,Azul,250
Bike (13).jpeg,FinalDatasets/Motos/bike_train/,2,Blanco,250
Bike (94).jpeg,FinalDatasets/Motos/bike_train/,2,Verde,250
images (9).jpeg,FinalDatasets/Motos/bike_train/,2,Blanco,125
Bike (55).jpeg,FinalDatasets/Motos/bike_train/,2,Azul,250
Bike (1138).jpeg,FinalDatasets/Motos/bike_train/,2,Verde,250
Bike (1113).jpeg,FinalDatasets/Motos/bike_train/,2,Verde,250
Bike (1224).jpeg,FinalDatasets/Motos/bike_train/,2,Blanco,250
Bike (901).jpeg,FinalDatasets/Motos/bike_train/,2,Blanco,125
Bike (158).jpeg,FinalDatasets/Motos/bike_train/,2,Rojo,125
Bike (548).jpeg,FinalDatasets/Motos/bike_train/,2,Verde,250
Bike (333).jpeg,FinalDatasets/Motos/bike_train/,2,Verde,125
images (88).jpeg,FinalDatasets/Motos/bike_train/,2,Azul,125
Bike (332).jpeg,FinalDatasets/Motos/bike_train/,2,Verde,250
Bike (1217).jpeg,FinalDatasets/Motos/bike_train/,2,Azul,125
Bike (998).jpeg,FinalDatasets/Motos/bike_train/,2,Blanco,125
Bike (1287).jpeg,FinalDatasets/Motos/bike_train/,2,Azul,125
Bike (1008).jpeg,FinalDatasets/Motos/bike_train/,2,Blanco,125
Bike (502).jpeg,FinalDatasets/Motos/bike_train/,2,Blanco,250
Bike (716).jpeg,FinalDatasets/Motos/bike_train/,2,Rojo,125
Bike (663).jpeg,FinalDatasets/Motos/bike_train/,2,Azul,125
Bike (250).jpeg,FinalDatasets/Motos/bike_train/,2,Verde,125
Bike (443).jpeg,FinalDatasets/Motos/bike_train/,2,Rojo,250
Bike (278).jpeg,FinalDatasets/Motos/bike_train/,2,Blanco,125
Bike (203).jpeg,FinalDatasets/Motos/bike_train/,2,Rojo,125
images (31).jpeg,FinalDatasets/Motos/bike_train/,2,Azul,250
Bike (1366).jpeg,FinalDatasets/Motos/bike_train/,2,Blanco,250
Bike (984).jpeg,FinalDatasets/Motos/bike_train/,2,Verde,125
Bike (161).jpg,FinalDatasets/Motos/bike_train/,2,Verde,125
Bike (1179).jpeg,FinalDatasets/Motos/bike_train/,2,Verde,250
Bike (1588).jpeg,FinalDatasets/Motos/bike_train/,2,Verde,250
Bike (927).jpeg,FinalDatasets/Motos/bike_train/,2,Azul,125
Bike (775).jpeg,FinalDatasets/Motos/bike_train/,2,Azul,125
Bike (1091).jpeg,FinalDatasets/Motos/bike_train/,2,Azul,125
Bike (1087).jpeg,FinalDatasets/Motos/bike_train/,2,Verde,250
Bike (567).jpeg,FinalDatasets/Motos/bike_train/,2,Blanco,250
Bike (1060).jpeg,FinalDatasets/Motos/bike_train/,2,Azul,250
Bike (1223).jpeg,FinalDatasets/Motos/bike_train/,2,Blanco,125
Bike (962).jpeg,FinalDatasets/Motos/bike_train/,2,Rojo,125
image (9).jpeg,FinalDatasets/Motos/bike_train/,2,Verde,125
Bike (114).jpg,FinalDatasets/Motos/bike_train/,2,Verde,125
images (124).jpeg,FinalDatasets/Motos/bike_train/,2,Rojo,125
Bike (247).jpeg,FinalDatasets/Motos/bike_train/,2,Azul,125
Bike (162).jpg,FinalDatasets/Motos/bike_train/,2,Rojo,250
images (76).jpeg,FinalDatasets/Motos/bike_train/,2,Verde,250
Bike (1405).jpeg,FinalDatasets/Motos/bike_train/,2,Blanco,125
images (10).jpeg,FinalDatasets/Motos/bike_train/,2,Azul,125
Bike (331).jpeg,FinalDatasets/Motos/bike_train/,2,Blanco,125
Bike (1537).jpeg,FinalDatasets/Motos/bike_train/,2,Verde,250
Bike (367).jpeg,FinalDatasets/Motos/bike_train/,2,Blanco,250
Bike (1501).jpeg,FinalDatasets/Motos/bike_train/,2,Rojo,250
Bike (1421).jpeg,FinalDatasets/Motos/bike_train/,2,Verde,125
Bike (409).jpeg,FinalDatasets/Motos/bike_train/,2,Verde,250
Bike (105).jpg,FinalDatasets/Motos/bike_train/,2,Verde,250
Bike (68).jpg,FinalDatasets/Motos/bike_train/,2,Azul,250
Bike (1561).jpeg,FinalDatasets/Motos/bike_train/,2,Blanco,250
Bike (377).jpeg,FinalDatasets/Motos/bike_train/,2,Rojo,250
Bike (121).jpeg,FinalDatasets/Motos/bike_train/,2,Azul,250
Bike (1032).jpeg,FinalDatasets/Motos/bike_train/,2,Verde,250
Bike (1247).jpeg,FinalDatasets/Motos/bike_train/,2,Verde,125
Bike (177).jpg,FinalDatasets/Motos/bike_train/,2,Azul,125
Bike (1341).jpeg,FinalDatasets/Motos/bike_train/,2,Blanco,125
Bike (1145).jpeg,FinalDatasets/Motos/bike_train/,2,Rojo,250
Bike (282).jpeg,FinalDatasets/Motos/bike_train/,2,Rojo,250
Bike (520).jpeg,FinalDatasets/Motos/bike_train/,2,Blanco,125
Bike (855).jpeg,FinalDatasets/Motos/bike_train/,2,Blanco,250
Bike (665).jpeg,FinalDatasets/Motos/bike_train/,2,Azul,125
images (109).jpeg,FinalDatasets/Motos/bike_train/,2,Blanco,250
images (122).jpeg,FinalDatasets/Motos/bike_train/,2,Rojo,125
Bike (1319).jpeg,FinalDatasets/Motos/bike_train/,2,Blanco,125
Bike (99).jpeg,FinalDatasets/Motos/bike_train/,2,Blanco,250
Bike (1368).jpeg,FinalDatasets/Motos/bike_train/,2,Rojo,250
Bike (897).jpeg,FinalDatasets/Motos/bike_train/,2,Azul,125
Bike (1595).jpeg,FinalDatasets/Motos/bike_train/,2,Rojo,125
