Imagen,Ruta,Ruedas,Puertas,Ventanas,Color
Car (1159).jpeg,FinalDatasets/Coches/cars_train/,4,4,4,Azul
04787.jpg,FinalDatasets/Coches/cars_train/,4,4,2,Rojo
07995.jpg,FinalDatasets/Coches/cars_train/,4,4,4,Verde
06602.jpg,FinalDatasets/Coches/cars_train/,4,4,2,Rojo
03750.jpg,FinalDatasets/Coches/cars_train/,4,4,4,Blanco
01867.jpg,FinalDatasets/Coches/cars_train/,4,4,4,Azul
00845.jpg,FinalDatasets/Coches/cars_train/,4,4,2,Azul
06889.jpg,FinalDatasets/Coches/cars_train/,4,4,4,Negro
03753.jpg,FinalDatasets/Coches/cars_train/,4,4,4,Blanco
07193.jpg,FinalDatasets/Coches/cars_train/,4,4,4,Rojo
Car (34).jpeg,FinalDatasets/Coches/cars_train/,4,4,4,Verde
00080.jpg,FinalDatasets/Coches/cars_train/,4,4,4,Verde
04628.jpg,FinalDatasets/Coches/cars_train/,4,4,2,Verde
05887.jpg,FinalDatasets/Coches/cars_train/,4,4,2,Azul
Car (441).jpeg,FinalDatasets/Coches/cars_train/,4,4,2,Verde
02419.jpg,FinalDatasets/Coches/cars_train/,4,4,2,Verde
03791.jpg,FinalDatasets/Coches/cars_train/,4,4,4,Azul
Car (771).jpeg,FinalDatasets/Coches/cars_train/,4,4,2,Azul
04195.jpg,FinalDatasets/Coches/cars_train/,4,4,4,Blanco
05393.jpg,FinalDatasets/Coches/cars_train/,4,4,4,Negro
Car (1651).jpeg,FinalDatasets/Coches/cars_train/,4,4,2,Rojo
06438.jpg,FinalDatasets/Coches/cars_train/,4,4,2,Verde
Car (1099).jpeg,FinalDatasets/Coches/cars_train/,4,4,4,Azul
04527.jpg,FinalDatasets/Coches/cars_train/,4,4,4,Azul
07186.jpg,FinalDatasets/Coches/cars_train/,4,4,4,Azul
Car (1516).jpeg,FinalDatasets/Coches/cars_train/,4,4,4,Negro
01585.jpg,FinalDatasets/Coches/cars_train/,4,4,4,Azul
05616.jpg,FinalDatasets/Coches/cars_train/,4,4,4,Azul
02078.jpg,FinalDatasets/Coches/cars_train/,4,4,4,Verde
Car (1590).jpeg,FinalDatasets/Coches/cars_train/,4,4,4,Azul
03639.jpg,FinalDatasets/Coches/cars_train/,4,4,4,Verde
05270.jpg,FinalDatasets/Coches/cars_train/,4,4,4,Blanco
07679.jpg,FinalDatasets/Coches/cars_train/,4,4,2,Azul
07353.jpg,FinalDatasets/Coches/cars_train/,4,4,4,Verde
03858.jpg,FinalDatasets/Coches/cars_train/,4,4,4,Rojo
00024.jpg,FinalDatasets/Coches/cars_train/,4,4,2,Blanco
Car (1204).jpeg,FinalDatasets/Coches/cars_train/,4,4,4,Negro
00037.jpg,FinalDatasets/Coches/cars_train/,4,4,2,Blanco
01555.jpg,FinalDatasets/Coches/cars_train/,4,4,4,Blanco
Car (313).jpeg,FinalDatasets/Coches/cars_train/,4,4,4,Azul
04905.jpg,FinalDatasets/Coches/cars_train/,4,4,4,Negro
03465.jpg,FinalDatasets/Coches/cars_train/,4,4,2,Rojo
02826.jpg,FinalDatasets/Coches/cars_train/,4,4,4,Blanco
08065.jpg,FinalDatasets/Coches/cars_train/,4,4,4,Negro
Car (1075).jpeg,FinalDatasets/Coches/cars_train/,4,4,4,Azul
02905.jpg,FinalDatasets/Coches/cars_train/,4,4,2,Rojo
02885.jpg,FinalDatasets/Coches/cars_train/,4,4,4,Rojo
Car (1861).jpeg,FinalDatasets/Coches/cars_train/,4,4,4,Azul
06581.jpg,FinalDatasets/Coches/cars_train/,4,4,2,Rojo
Car (669).jpeg,FinalDatasets/Coches/cars_train/,4,4,2,Negro
06044.jpg,FinalDatasets/Coches/cars_train/,4,4,4,Azul
02561.jpg,FinalDatasets/Coches/cars_train/,4,4,2,Rojo
01929.jpg,FinalDatasets/Coches/cars_train/,4,4,4,Rojo
07003.jpg,FinalDatasets/Coches/cars_train/,4,4,4,Blanco
Car (693).jpeg,FinalDatasets/Coches/cars_train/,4,4,4,Negro
Car (1793).jpeg,FinalDatasets/Coches/cars_train/,4,4,2,Azul
07500.jpg,FinalDatasets/Coches/cars_train/,4,4,4,Azul
07953.jpg,FinalDatasets/Coches/cars_train/,4,4,4,Azul
03248.jpg,FinalDatasets/Coches/cars_train/,4,4,2,Azul
01053.jpg,FinalDatasets/Coches/cars_train/,4,4,2,Blanco
01562.jpg,FinalDatasets/Coches/cars_train/,4,4,2,Verde
07411.jpg,FinalDatasets/Coches/cars_train/,4,4,4,Negro
Car (1013).jpeg,FinalDatasets/Coches/cars_train/,4,4,4,Rojo
03279.jpg,FinalDatasets/Coches/cars_train/,4,4,4,Negro
01073.jpg,FinalDatasets/Coches/cars_train/,4,4,2,Rojo
05640.jpg,FinalDatasets/Coches/cars_train/,4,4,4,Negro
04749.jpg,FinalDatasets/Coches/cars_train/,4,4,2,Azul
Car (191).jpeg,FinalDatasets/Coches/cars_train/,4,4,2,Rojo
03627.jpg,FinalDatasets/Coches/cars_train/,4,4,4,Verde
02875.jpg,FinalDatasets/Coches/cars_train/,4,4,2,Azul
02525.jpg,FinalDatasets/Coches/cars_train/,4,4,2,Rojo
04926.jpg,FinalDatasets/Coches/cars_train/,4,4,2,Blanco
02256.jpg,FinalDatasets/Coches/cars_train/,4,4,4,Azul
02623.jpg,FinalDatasets/Coches/cars_train/,4,4,4,Negro
02941.jpg,FinalDatasets/Coches/cars_train/,4,4,2,Rojo
02048.jpg,FinalDatasets/Coches/cars_train/,4,4,2,Negro
Car (998).jpeg,FinalDatasets/Coches/cars_train/,4,4,2,Verde
08003.jpg,FinalDatasets/Coches/cars_train/,4,4,2,Rojo
06368.jpg,FinalDatasets/Coches/cars_train/,4,4,4,Rojo
02728.jpg,FinalDatasets/Coches/cars_train/,4,4,2,Rojo
Car (1762).jpeg,FinalDatasets/Coches/cars_train/,4,4,2,Rojo
02649.jpg,FinalDatasets/Coches/cars_train/,4,4,4,Blanco
00023.jpg,FinalDatasets/Coches/cars_train/,4,4,2,Rojo
07666.jpg,FinalDatasets/Coches/cars_train/,4,4,2,Azul
00764.jpg,FinalDatasets/Coches/cars_train/,4,4,2,Rojo
02691.jpg,FinalDatasets/Coches/cars_train/,4,4,2,Verde
06931.jpg,FinalDatasets/Coches/cars_train/,4,4,2,Rojo
06400.jpg,FinalDatasets/Coches/cars_train/,4,4,2,Azul
01553.jpg,FinalDatasets/Coches/cars_train/,4,4,4,Azul
04914.jpg,FinalDatasets/Coches/cars_train/,4,4,4,Verde
06458.jpg,FinalDatasets/Coches/cars_train/,4,4,4,Blanco
02420.jpg,FinalDatasets/Coches/cars_train/,4,4,2,Azul
01331.jpg,FinalDatasets/Coches/cars_train/,4,4,2,Rojo
04889.jpg,FinalDatasets/Coches/cars_train/,4,4,2,Blanco
04449.jpg,FinalDatasets/Coches/cars_train/,4,4,2,Rojo
04194.jpg,FinalDatasets/Coches/cars_train/,4,4,2,Verde
03653.jpg,FinalDatasets/Coches/cars_train/,4,4,4,Negro
00666.jpg,FinalDatasets/Coches/cars_train/,4,4,4,Azul
Car (1610).jpeg,FinalDatasets/Coches/cars_train/,4,4,4,Azul
03615.jpg,FinalDatasets/Coches/cars_train/,4,4,2,Verde
01478.jpg,FinalDatasets/Coches/cars_train/,4,4,4,Negro
07725.jpg,FinalDatasets/Coches/cars_train/,4,4,4,Rojo
Car (1354).jpeg,FinalDatasets/Coches/cars_train/,4,4,2,Blanco
02983.jpg,FinalDatasets/Coches/cars_train/,4,4,4,Negro
06281.jpg,FinalDatasets/Coches/cars_train/,4,4,2,Blanco
Car (1290).jpeg,FinalDatasets/Coches/cars_train/,4,4,4,Negro
02624.jpg,FinalDatasets/Coches/cars_train/,4,4,4,Rojo
01037.jpg,FinalDatasets/Coches/cars_train/,4,4,4,Azul
Car (363).jpeg,FinalDatasets/Coches/cars_train/,4,4,4,Azul
00769.jpg,FinalDatasets/Coches/cars_train/,4,4,2,Verde
01880.jpg,FinalDatasets/Coches/cars_train/,4,4,2,Verde
01537.jpg,FinalDatasets/Coches/cars_train/,4,4,4,Verde
06059.jpg,FinalDatasets/Coches/cars_train/,4,4,2,Negro
07098.jpg,FinalDatasets/Coches/cars_train/,4,4,2,Blanco
02822.jpg,FinalDatasets/Coches/cars_train/,4,4,4,Negro
07360.jpg,FinalDatasets/Coches/cars_train/,4,4,4,Negro
Car (648).jpeg,FinalDatasets/Coches/cars_train/,4,4,2,Verde
01837.jpg,FinalDatasets/Coches/cars_train/,4,4,4,Negro
03616.jpg,FinalDatasets/Coches/cars_train/,4,4,4,Rojo
07589.jpg,FinalDatasets/Coches/cars_train/,4,4,2,Rojo
07867.jpg,FinalDatasets/Coches/cars_train/,4,4,2,Azul
Car (39).jpg,FinalDatasets/Coches/cars_train/,4,4,2,Negro
06540.jpg,FinalDatasets/Coches/cars_train/,4,4,4,Azul
03622.jpg,FinalDatasets/Coches/cars_train/,4,4,4,Verde
04621.jpg,FinalDatasets/Coches/cars_train/,4,4,4,Blanco
02828.jpg,FinalDatasets/Coches/cars_train/,4,4,2,Azul
01198.jpg,FinalDatasets/Coches/cars_train/,4,4,2,Verde
Car (55).jpg,FinalDatasets/Coches/cars_train/,4,4,2,Negro
06638.jpg,FinalDatasets/Coches/cars_train/,4,4,4,Negro
00883.jpg,FinalDatasets/Coches/cars_train/,4,4,4,Verde
Car (124).jpeg,FinalDatasets/Coches/cars_train/,4,4,4,Negro
05945.jpg,FinalDatasets/Coches/cars_train/,4,4,4,Rojo
05208.jpg,FinalDatasets/Coches/cars_train/,4,4,4,Verde
03424.jpg,FinalDatasets/Coches/cars_train/,4,4,2,Blanco
03059.jpg,FinalDatasets/Coches/cars_train/,4,4,2,Azul
02077.jpg,FinalDatasets/Coches/cars_train/,4,4,2,Blanco
04229.jpg,FinalDatasets/Coches/cars_train/,4,4,4,Azul
00570.jpg,FinalDatasets/Coches/cars_train/,4,4,4,Verde
04972.jpg,FinalDatasets/Coches/cars_train/,4,4,2,Azul
Car (1496).jpeg,FinalDatasets/Coches/cars_train/,4,4,4,Rojo
07827.jpg,FinalDatasets/Coches/cars_train/,4,4,4,Rojo
05520.jpg,FinalDatasets/Coches/cars_train/,4,4,4,Rojo
04875.jpg,FinalDatasets/Coches/cars_train/,4,4,4,Negro
03256.jpg,FinalDatasets/Coches/cars_train/,4,4,4,Azul
Car (8).jpg,FinalDatasets/Coches/cars_train/,4,4,4,Negro
06923.jpg,FinalDatasets/Coches/cars_train/,4,4,4,Rojo
00301.jpg,FinalDatasets/Coches/cars_train/,4,4,4,Negro
02914.jpg,FinalDatasets/Coches/cars_train/,4,4,4,Azul
04091.jpg,FinalDatasets/Coches/cars_train/,4,4,4,Blanco
02132.jpg,FinalDatasets/Coches/cars_train/,4,4,2,Verde
04451.jpg,FinalDatasets/Coches/cars_train/,4,4,4,Negro
03919.jpg,FinalDatasets/Coches/cars_train/,4,4,4,Rojo
Car (600).jpeg,FinalDatasets/Coches/cars_train/,4,4,4,Azul
03651.jpg,FinalDatasets/Coches/cars_train/,4,4,4,Verde
01911.jpg,FinalDatasets/Coches/cars_train/,4,4,4,Rojo
04127.jpg,FinalDatasets/Coches/cars_train/,4,4,4,Blanco
04353.jpg,FinalDatasets/Coches/cars_train/,4,4,4,Rojo
03080.jpg,FinalDatasets/Coches/cars_train/,4,4,4,Rojo
01201.jpg,FinalDatasets/Coches/cars_train/,4,4,4,Rojo
01251.jpg,FinalDatasets/Coches/cars_train/,4,4,2,Verde
04352.jpg,FinalDatasets/Coches/cars_train/,4,4,2,Blanco
00592.jpg,FinalDatasets/Coches/cars_train/,4,4,4,Verde
Car (1559).jpeg,FinalDatasets/Coches/cars_train/,4,4,4,Azul
04551.jpg,FinalDatasets/Coches/cars_train/,4,4,4,Rojo
02990.jpg,FinalDatasets/Coches/cars_train/,4,4,2,Verde
02139.jpg,FinalDatasets/Coches/cars_train/,4,4,2,Blanco
08122.jpg,FinalDatasets/Coches/cars_train/,4,4,2,Rojo
04018.jpg,FinalDatasets/Coches/cars_train/,4,4,4,Negro
04893.jpg,FinalDatasets/Coches/cars_train/,4,4,2,Azul
Car (1848).jpeg,FinalDatasets/Coches/cars_train/,4,4,4,Verde
04625.jpg,FinalDatasets/Coches/cars_train/,4,4,2,Azul
Car (1797).jpeg,FinalDatasets/Coches/cars_train/,4,4,2,Verde
Car (713).jpeg,FinalDatasets/Coches/cars_train/,4,4,2,Negro
00009.jpg,FinalDatasets/Coches/cars_train/,4,4,2,Negro
03785.jpg,FinalDatasets/Coches/cars_train/,4,4,4,Rojo
06567.jpg,FinalDatasets/Coches/cars_train/,4,4,2,Blanco
01263.jpg,FinalDatasets/Coches/cars_train/,4,4,4,Blanco
00492.jpg,FinalDatasets/Coches/cars_train/,4,4,4,Verde
06645.jpg,FinalDatasets/Coches/cars_train/,4,4,4,Rojo
Car (480).jpeg,FinalDatasets/Coches/cars_train/,4,4,2,Negro
00645.jpg,FinalDatasets/Coches/cars_train/,4,4,4,Verde
00782.jpg,FinalDatasets/Coches/cars_train/,4,4,4,Azul
01330.jpg,FinalDatasets/Coches/cars_train/,4,4,2,Azul
02340.jpg,FinalDatasets/Coches/cars_train/,4,4,4,Verde
03276.jpg,FinalDatasets/Coches/cars_train/,4,4,4,Rojo
05287.jpg,FinalDatasets/Coches/cars_train/,4,4,4,Azul
02120.jpg,FinalDatasets/Coches/cars_train/,4,4,4,Azul
04876.jpg,FinalDatasets/Coches/cars_train/,4,4,4,Rojo
06958.jpg,FinalDatasets/Coches/cars_train/,4,4,4,Blanco
Car (305).jpeg,FinalDatasets/Coches/cars_train/,4,4,4,Blanco
01670.jpg,FinalDatasets/Coches/cars_train/,4,4,4,Blanco
02119.jpg,FinalDatasets/Coches/cars_train/,4,4,4,Blanco
03227.jpg,FinalDatasets/Coches/cars_train/,4,4,4,Rojo
01447.jpg,FinalDatasets/Coches/cars_train/,4,4,4,Blanco
01337.jpg,FinalDatasets/Coches/cars_train/,4,4,4,Blanco
Car (663).jpeg,FinalDatasets/Coches/cars_train/,4,4,2,Rojo
02832.jpg,FinalDatasets/Coches/cars_train/,4,4,4,Verde
04922.jpg,FinalDatasets/Coches/cars_train/,4,4,4,Rojo
04426.jpg,FinalDatasets/Coches/cars_train/,4,4,2,Verde
07683.jpg,FinalDatasets/Coches/cars_train/,4,4,2,Rojo
02291.jpg,FinalDatasets/Coches/cars_train/,4,4,4,Verde
03841.jpg,FinalDatasets/Coches/cars_train/,4,4,4,Azul
07713.jpg,FinalDatasets/Coches/cars_train/,4,4,4,Azul
06344.jpg,FinalDatasets/Coches/cars_train/,4,4,4,Verde
Car (1773).jpeg,FinalDatasets/Coches/cars_train/,4,4,4,Blanco
Car (1411).jpeg,FinalDatasets/Coches/cars_train/,4,4,2,Rojo
08121.jpg,FinalDatasets/Coches/cars_train/,4,4,4,Rojo
01806.jpg,FinalDatasets/Coches/cars_train/,4,4,4,Blanco
00711.jpg,FinalDatasets/Coches/cars_train/,4,4,4,Blanco
02275.jpg,FinalDatasets/Coches/cars_train/,4,4,4,Rojo
06575.jpg,FinalDatasets/Coches/cars_train/,4,4,4,Blanco
02648.jpg,FinalDatasets/Coches/cars_train/,4,4,4,Negro
01187.jpg,FinalDatasets/Coches/cars_train/,4,4,4,Azul
04085.jpg,FinalDatasets/Coches/cars_train/,4,4,4,Rojo
02908.jpg,FinalDatasets/Coches/cars_train/,4,4,4,Verde
03709.jpg,FinalDatasets/Coches/cars_train/,4,4,4,Blanco
05576.jpg,FinalDatasets/Coches/cars_train/,4,4,4,Verde
00058.jpg,FinalDatasets/Coches/cars_train/,4,4,4,Negro
07240.jpg,FinalDatasets/Coches/cars_train/,4,4,2,Azul
00777.jpg,FinalDatasets/Coches/cars_train/,4,4,4,Verde
01543.jpg,FinalDatasets/Coches/cars_train/,4,4,4,Negro
02617.jpg,FinalDatasets/Coches/cars_train/,4,4,4,Negro
Car (231).jpeg,FinalDatasets/Coches/cars_train/,4,4,4,Verde
02149.jpg,FinalDatasets/Coches/cars_train/,4,4,4,Azul
Car (375).jpeg,FinalDatasets/Coches/cars_train/,4,4,4,Azul
Car (1767).jpeg,FinalDatasets/Coches/cars_train/,4,4,2,Negro
Car (1413).jpeg,FinalDatasets/Coches/cars_train/,4,4,4,Rojo
05988.jpg,FinalDatasets/Coches/cars_train/,4,4,4,Negro
03863.jpg,FinalDatasets/Coches/cars_train/,4,4,2,Rojo
02895.jpg,FinalDatasets/Coches/cars_train/,4,4,4,Rojo
01107.jpg,FinalDatasets/Coches/cars_train/,4,4,4,Negro
Car (1659).jpeg,FinalDatasets/Coches/cars_train/,4,4,4,Verde
01191.jpg,FinalDatasets/Coches/cars_train/,4,4,2,Rojo
01765.jpg,FinalDatasets/Coches/cars_train/,4,4,4,Negro
Car (1234).jpeg,FinalDatasets/Coches/cars_train/,4,4,4,Verde
04345.jpg,FinalDatasets/Coches/cars_train/,4,4,4,Negro
00598.jpg,FinalDatasets/Coches/cars_train/,4,4,4,Verde
04223.jpg,FinalDatasets/Coches/cars_train/,4,4,2,Azul
00672.jpg,FinalDatasets/Coches/cars_train/,4,4,4,Azul
07207.jpg,FinalDatasets/Coches/cars_train/,4,4,2,Verde
07651.jpg,FinalDatasets/Coches/cars_train/,4,4,4,Rojo
03927.jpg,FinalDatasets/Coches/cars_train/,4,4,4,Blanco
05373.jpg,FinalDatasets/Coches/cars_train/,4,4,4,Rojo
06918.jpg,FinalDatasets/Coches/cars_train/,4,4,4,Negro
01218.jpg,FinalDatasets/Coches/cars_train/,4,4,4,Rojo
00207.jpg,FinalDatasets/Coches/cars_train/,4,4,4,Blanco
07737.jpg,FinalDatasets/Coches/cars_train/,4,4,2,Blanco
06137.jpg,FinalDatasets/Coches/cars_train/,4,4,4,Azul
Car (659).jpeg,FinalDatasets/Coches/cars_train/,4,4,4,Verde
02854.jpg,FinalDatasets/Coches/cars_train/,4,4,4,Negro
02862.jpg,FinalDatasets/Coches/cars_train/,4,4,4,Verde
03815.jpg,FinalDatasets/Coches/cars_train/,4,4,4,Rojo
00597.jpg,FinalDatasets/Coches/cars_train/,4,4,4,Blanco
04006.jpg,FinalDatasets/Coches/cars_train/,4,4,4,Blanco
03833.jpg,FinalDatasets/Coches/cars_train/,4,4,4,Azul
00901.jpg,FinalDatasets/Coches/cars_train/,4,4,4,Rojo
05958.jpg,FinalDatasets/Coches/cars_train/,4,4,4,Verde
05542.jpg,FinalDatasets/Coches/cars_train/,4,4,4,Negro
Car (387).jpeg,FinalDatasets/Coches/cars_train/,4,4,4,Verde
06367.jpg,FinalDatasets/Coches/cars_train/,4,4,4,Blanco
00172.jpg,FinalDatasets/Coches/cars_train/,4,4,4,Verde
05424.jpg,FinalDatasets/Coches/cars_train/,4,4,4,Blanco
01175.jpg,FinalDatasets/Coches/cars_train/,4,4,2,Rojo
06559.jpg,FinalDatasets/Coches/cars_train/,4,4,4,Azul
02975.jpg,FinalDatasets/Coches/cars_train/,4,4,2,Blanco
Car (794).jpeg,FinalDatasets/Coches/cars_train/,4,4,4,Blanco
Car (1487).jpeg,FinalDatasets/Coches/cars_train/,4,4,4,Azul
Car (640).jpeg,FinalDatasets/Coches/cars_train/,4,4,2,Verde
Car (1882).jpeg,FinalDatasets/Coches/cars_train/,4,4,4,Negro
07056.jpg,FinalDatasets/Coches/cars_train/,4,4,4,Azul
00516.jpg,FinalDatasets/Coches/cars_train/,4,4,4,Rojo
04010.jpg,FinalDatasets/Coches/cars_train/,4,4,4,Rojo
00051.jpg,FinalDatasets/Coches/cars_train/,4,4,2,Negro
02786.jpg,FinalDatasets/Coches/cars_train/,4,4,4,Azul
Car (23).jpeg,FinalDatasets/Coches/cars_train/,4,4,2,Verde
03472.jpg,FinalDatasets/Coches/cars_train/,4,4,4,Rojo
05248.jpg,FinalDatasets/Coches/cars_train/,4,4,4,Rojo
Car (1414).jpeg,FinalDatasets/Coches/cars_train/,4,4,4,Blanco
Car (1067).jpeg,FinalDatasets/Coches/cars_train/,4,4,4,Verde
00915.jpg,FinalDatasets/Coches/cars_train/,4,4,2,Azul
03168.jpg,FinalDatasets/Coches/cars_train/,4,4,2,Rojo
03011.jpg,FinalDatasets/Coches/cars_train/,4,4,4,Azul
02679.jpg,FinalDatasets/Coches/cars_train/,4,4,2,Verde
06143.jpg,FinalDatasets/Coches/cars_train/,4,4,2,Verde
04867.jpg,FinalDatasets/Coches/cars_train/,4,4,2,Negro
07416.jpg,FinalDatasets/Coches/cars_train/,4,4,4,Rojo
Car (242).jpeg,FinalDatasets/Coches/cars_train/,4,4,2,Blanco
Car (1243).jpeg,FinalDatasets/Coches/cars_train/,4,4,4,Azul
03862.jpg,FinalDatasets/Coches/cars_train/,4,4,2,Negro
03963.jpg,FinalDatasets/Coches/cars_train/,4,4,4,Rojo
07800.jpg,FinalDatasets/Coches/cars_train/,4,4,2,Verde
06445.jpg,FinalDatasets/Coches/cars_train/,4,4,4,Azul
03365.jpg,FinalDatasets/Coches/cars_train/,4,4,2,Azul
06355.jpg,FinalDatasets/Coches/cars_train/,4,4,4,Verde
Car (520).jpeg,FinalDatasets/Coches/cars_train/,4,4,4,Blanco
04664.jpg,FinalDatasets/Coches/cars_train/,4,4,4,Rojo
06019.jpg,FinalDatasets/Coches/cars_train/,4,4,4,Blanco
Car (1285).jpeg,FinalDatasets/Coches/cars_train/,4,4,2,Blanco
04915.jpg,FinalDatasets/Coches/cars_train/,4,4,4,Negro
03468.jpg,FinalDatasets/Coches/cars_train/,4,4,4,Rojo
03872.jpg,FinalDatasets/Coches/cars_train/,4,4,4,Azul
07860.jpg,FinalDatasets/Coches/cars_train/,4,4,4,Verde
06531.jpg,FinalDatasets/Coches/cars_train/,4,4,4,Azul
01617.jpg,FinalDatasets/Coches/cars_train/,4,4,4,Rojo
03877.jpg,FinalDatasets/Coches/cars_train/,4,4,4,Rojo
Car (1152).jpeg,FinalDatasets/Coches/cars_train/,4,4,4,Verde
00416.jpg,FinalDatasets/Coches/cars_train/,4,4,2,Rojo
02521.jpg,FinalDatasets/Coches/cars_train/,4,4,2,Negro
Car (1526).jpeg,FinalDatasets/Coches/cars_train/,4,4,4,Negro
Car (1728).jpeg,FinalDatasets/Coches/cars_train/,4,4,4,Negro
04359.jpg,FinalDatasets/Coches/cars_train/,4,4,4,Blanco
04354.jpg,FinalDatasets/Coches/cars_train/,4,4,2,Verde
03566.jpg,FinalDatasets/Coches/cars_train/,4,4,4,Rojo
05433.jpg,FinalDatasets/Coches/cars_train/,4,4,4,Blanco
01676.jpg,FinalDatasets/Coches/cars_train/,4,4,2,Rojo
Car (902).jpeg,FinalDatasets/Coches/cars_train/,4,4,4,Negro
00493.jpg,FinalDatasets/Coches/cars_train/,4,4,4,Azul
03344.jpg,FinalDatasets/Coches/cars_train/,4,4,2,Azul
03384.jpg,FinalDatasets/Coches/cars_train/,4,4,4,Blanco
05955.jpg,FinalDatasets/Coches/cars_train/,4,4,4,Azul
04518.jpg,FinalDatasets/Coches/cars_train/,4,4,4,Azul
03590.jpg,FinalDatasets/Coches/cars_train/,4,4,4,Blanco
Car (1661).jpeg,FinalDatasets/Coches/cars_train/,4,4,2,Blanco
06157.jpg,FinalDatasets/Coches/cars_train/,4,4,4,Azul
07252.jpg,FinalDatasets/Coches/cars_train/,4,4,4,Blanco
04197.jpg,FinalDatasets/Coches/cars_train/,4,4,4,Verde
00840.jpg,FinalDatasets/Coches/cars_train/,4,4,4,Blanco
01435.jpg,FinalDatasets/Coches/cars_train/,4,4,4,Azul
07919.jpg,FinalDatasets/Coches/cars_train/,4,4,4,Azul
00260.jpg,FinalDatasets/Coches/cars_train/,4,4,2,Verde
05416.jpg,FinalDatasets/Coches/cars_train/,4,4,4,Azul
06817.jpg,FinalDatasets/Coches/cars_train/,4,4,4,Negro
04358.jpg,FinalDatasets/Coches/cars_train/,4,4,4,Azul
00664.jpg,FinalDatasets/Coches/cars_train/,4,4,4,Blanco
07976.jpg,FinalDatasets/Coches/cars_train/,4,4,4,Blanco
Car (901).jpeg,FinalDatasets/Coches/cars_train/,4,4,4,Blanco
02422.jpg,FinalDatasets/Coches/cars_train/,4,4,4,Verde
07260.jpg,FinalDatasets/Coches/cars_train/,4,4,4,Blanco
04582.jpg,FinalDatasets/Coches/cars_train/,4,4,4,Verde
Car (570).jpeg,FinalDatasets/Coches/cars_train/,4,4,2,Verde
06595.jpg,FinalDatasets/Coches/cars_train/,4,4,2,Rojo
01540.jpg,FinalDatasets/Coches/cars_train/,4,4,4,Azul
00094.jpg,FinalDatasets/Coches/cars_train/,4,4,2,Rojo
05770.jpg,FinalDatasets/Coches/cars_train/,4,4,4,Rojo
Car (1355).jpeg,FinalDatasets/Coches/cars_train/,4,4,4,Blanco
Car (1638).jpeg,FinalDatasets/Coches/cars_train/,4,4,4,Rojo
Car (911).jpeg,FinalDatasets/Coches/cars_train/,4,4,4,Azul
01000.jpg,FinalDatasets/Coches/cars_train/,4,4,4,Verde
00595.jpg,FinalDatasets/Coches/cars_train/,4,4,4,Rojo
00303.jpg,FinalDatasets/Coches/cars_train/,4,4,4,Negro
05259.jpg,FinalDatasets/Coches/cars_train/,4,4,2,Rojo
04609.jpg,FinalDatasets/Coches/cars_train/,4,4,4,Rojo
02814.jpg,FinalDatasets/Coches/cars_train/,4,4,4,Negro
Car (1283).jpeg,FinalDatasets/Coches/cars_train/,4,4,4,Rojo
06246.jpg,FinalDatasets/Coches/cars_train/,4,4,4,Blanco
07755.jpg,FinalDatasets/Coches/cars_train/,4,4,4,Azul
04106.jpg,FinalDatasets/Coches/cars_train/,4,4,4,Verde
01234.jpg,FinalDatasets/Coches/cars_train/,4,4,4,Azul
00026.jpg,FinalDatasets/Coches/cars_train/,4,4,2,Negro
Car (605).jpeg,FinalDatasets/Coches/cars_train/,4,4,4,Blanco
00921.jpg,FinalDatasets/Coches/cars_train/,4,4,2,Verde
Car (768).jpeg,FinalDatasets/Coches/cars_train/,4,4,2,Blanco
Car (1300).jpeg,FinalDatasets/Coches/cars_train/,4,4,4,Blanco
06021.jpg,FinalDatasets/Coches/cars_train/,4,4,4,Rojo
04709.jpg,FinalDatasets/Coches/cars_train/,4,4,2,Rojo
01072.jpg,FinalDatasets/Coches/cars_train/,4,4,4,Verde
02524.jpg,FinalDatasets/Coches/cars_train/,4,4,4,Rojo
Car (1846).jpeg,FinalDatasets/Coches/cars_train/,4,4,2,Rojo
03217.jpg,FinalDatasets/Coches/cars_train/,4,4,4,Rojo
02058.jpg,FinalDatasets/Coches/cars_train/,4,4,4,Negro
05395.jpg,FinalDatasets/Coches/cars_train/,4,4,4,Verde
06527.jpg,FinalDatasets/Coches/cars_train/,4,4,4,Verde
06120.jpg,FinalDatasets/Coches/cars_train/,4,4,4,Verde
07578.jpg,FinalDatasets/Coches/cars_train/,4,4,4,Verde
05848.jpg,FinalDatasets/Coches/cars_train/,4,4,2,Negro
Car (1432).jpeg,FinalDatasets/Coches/cars_train/,4,4,4,Verde
05258.jpg,FinalDatasets/Coches/cars_train/,4,4,2,Negro
01664.jpg,FinalDatasets/Coches/cars_train/,4,4,2,Verde
07210.jpg,FinalDatasets/Coches/cars_train/,4,4,2,Negro
Car (1546).jpeg,FinalDatasets/Coches/cars_train/,4,4,4,Azul
00352.jpg,FinalDatasets/Coches/cars_train/,4,4,4,Verde
05357.jpg,FinalDatasets/Coches/cars_train/,4,4,4,Verde
01768.jpg,FinalDatasets/Coches/cars_train/,4,4,2,Blanco
04829.jpg,FinalDatasets/Coches/cars_train/,4,4,4,Rojo
07998.jpg,FinalDatasets/Coches/cars_train/,4,4,2,Negro
04539.jpg,FinalDatasets/Coches/cars_train/,4,4,2,Verde
Car (501).jpeg,FinalDatasets/Coches/cars_train/,4,4,4,Blanco
Car (1494).jpeg,FinalDatasets/Coches/cars_train/,4,4,4,Negro
04840.jpg,FinalDatasets/Coches/cars_train/,4,4,4,Verde
03518.jpg,FinalDatasets/Coches/cars_train/,4,4,4,Azul
03879.jpg,FinalDatasets/Coches/cars_train/,4,4,2,Rojo
06001.jpg,FinalDatasets/Coches/cars_train/,4,4,2,Negro
03151.jpg,FinalDatasets/Coches/cars_train/,4,4,4,Negro
Car (845).jpeg,FinalDatasets/Coches/cars_train/,4,4,4,Blanco
07663.jpg,FinalDatasets/Coches/cars_train/,4,4,4,Azul
04313.jpg,FinalDatasets/Coches/cars_train/,4,4,4,Verde
04246.jpg,FinalDatasets/Coches/cars_train/,4,4,2,Azul
Car (1583).jpeg,FinalDatasets/Coches/cars_train/,4,4,4,Azul
06139.jpg,FinalDatasets/Coches/cars_train/,4,4,4,Verde
Car (173).jpeg,FinalDatasets/Coches/cars_train/,4,4,2,Blanco
Car (1337).jpeg,FinalDatasets/Coches/cars_train/,4,4,4,Rojo
02963.jpg,FinalDatasets/Coches/cars_train/,4,4,2,Azul
04233.jpg,FinalDatasets/Coches/cars_train/,4,4,2,Verde
Car (1580).jpeg,FinalDatasets/Coches/cars_train/,4,4,2,Negro
Car (26).jpeg,FinalDatasets/Coches/cars_train/,4,4,4,Blanco
02579.jpg,FinalDatasets/Coches/cars_train/,4,4,4,Negro
02638.jpg,FinalDatasets/Coches/cars_train/,4,4,4,Rojo
05936.jpg,FinalDatasets/Coches/cars_train/,4,4,4,Verde
04533.jpg,FinalDatasets/Coches/cars_train/,4,4,4,Verde
03712.jpg,FinalDatasets/Coches/cars_train/,4,4,4,Negro
07145.jpg,FinalDatasets/Coches/cars_train/,4,4,4,Negro
02568.jpg,FinalDatasets/Coches/cars_train/,4,4,4,Rojo
03537.jpg,FinalDatasets/Coches/cars_train/,4,4,4,Verde
00291.jpg,FinalDatasets/Coches/cars_train/,4,4,2,Blanco
00617.jpg,FinalDatasets/Coches/cars_train/,4,4,4,Blanco
02067.jpg,FinalDatasets/Coches/cars_train/,4,4,2,Rojo
07735.jpg,FinalDatasets/Coches/cars_train/,4,4,4,Azul
04962.jpg,FinalDatasets/Coches/cars_train/,4,4,4,Negro
05929.jpg,FinalDatasets/Coches/cars_train/,4,4,4,Azul
Car (722).jpeg,FinalDatasets/Coches/cars_train/,4,4,2,Negro
06744.jpg,FinalDatasets/Coches/cars_train/,4,4,4,Rojo
04561.jpg,FinalDatasets/Coches/cars_train/,4,4,4,Negro
03738.jpg,FinalDatasets/Coches/cars_train/,4,4,4,Blanco
02706.jpg,FinalDatasets/Coches/cars_train/,4,4,2,Blanco
03242.jpg,FinalDatasets/Coches/cars_train/,4,4,2,Azul
02783.jpg,FinalDatasets/Coches/cars_train/,4,4,2,Blanco
00909.jpg,FinalDatasets/Coches/cars_train/,4,4,4,Blanco
Car (1102).jpeg,FinalDatasets/Coches/cars_train/,4,4,4,Blanco
07994.jpg,FinalDatasets/Coches/cars_train/,4,4,2,Negro
04504.jpg,FinalDatasets/Coches/cars_train/,4,4,4,Azul
02154.jpg,FinalDatasets/Coches/cars_train/,4,4,4,Negro
07880.jpg,FinalDatasets/Coches/cars_train/,4,4,4,Azul
03232.jpg,FinalDatasets/Coches/cars_train/,4,4,2,Azul
05015.jpg,FinalDatasets/Coches/cars_train/,4,4,2,Negro
07753.jpg,FinalDatasets/Coches/cars_train/,4,4,2,Rojo
Car (1901).jpeg,FinalDatasets/Coches/cars_train/,4,4,4,Verde
07191.jpg,FinalDatasets/Coches/cars_train/,4,4,2,Negro
06748.jpg,FinalDatasets/Coches/cars_train/,4,4,2,Verde
04115.jpg,FinalDatasets/Coches/cars_train/,4,4,2,Negro
03108.jpg,FinalDatasets/Coches/cars_train/,4,4,2,Negro
05113.jpg,FinalDatasets/Coches/cars_train/,4,4,4,Azul
05245.jpg,FinalDatasets/Coches/cars_train/,4,4,2,Negro
00773.jpg,FinalDatasets/Coches/cars_train/,4,4,2,Azul
06786.jpg,FinalDatasets/Coches/cars_train/,4,4,2,Verde
06200.jpg,FinalDatasets/Coches/cars_train/,4,4,4,Verde
01735.jpg,FinalDatasets/Coches/cars_train/,4,4,4,Azul
07136.jpg,FinalDatasets/Coches/cars_train/,4,4,4,Blanco
03890.jpg,FinalDatasets/Coches/cars_train/,4,4,4,Azul
02601.jpg,FinalDatasets/Coches/cars_train/,4,4,4,Negro
00499.jpg,FinalDatasets/Coches/cars_train/,4,4,4,Blanco
Car (1040).jpeg,FinalDatasets/Coches/cars_train/,4,4,4,Azul
00432.jpg,FinalDatasets/Coches/cars_train/,4,4,4,Verde
02013.jpg,FinalDatasets/Coches/cars_train/,4,4,4,Blanco
Car (211).jpeg,FinalDatasets/Coches/cars_train/,4,4,2,Azul
06117.jpg,FinalDatasets/Coches/cars_train/,4,4,2,Azul
02352.jpg,FinalDatasets/Coches/cars_train/,4,4,2,Blanco
05614.jpg,FinalDatasets/Coches/cars_train/,4,4,2,Negro
00931.jpg,FinalDatasets/Coches/cars_train/,4,4,4,Negro
07692.jpg,FinalDatasets/Coches/cars_train/,4,4,2,Azul
Car (389).jpeg,FinalDatasets/Coches/cars_train/,4,4,2,Negro
Car (1540).jpeg,FinalDatasets/Coches/cars_train/,4,4,4,Verde
Car (133).jpeg,FinalDatasets/Coches/cars_train/,4,4,4,Blanco
01117.jpg,FinalDatasets/Coches/cars_train/,4,4,2,Negro
00140.jpg,FinalDatasets/Coches/cars_train/,4,4,2,Verde
02041.jpg,FinalDatasets/Coches/cars_train/,4,4,4,Verde
Car (865).jpeg,FinalDatasets/Coches/cars_train/,4,4,4,Azul
06015.jpg,FinalDatasets/Coches/cars_train/,4,4,4,Verde
01598.jpg,FinalDatasets/Coches/cars_train/,4,4,4,Negro
Car (1591).jpeg,FinalDatasets/Coches/cars_train/,4,4,4,Rojo
Car (33).jpeg,FinalDatasets/Coches/cars_train/,4,4,4,Rojo
Car (41).jpeg,FinalDatasets/Coches/cars_train/,4,4,4,Azul
04177.jpg,FinalDatasets/Coches/cars_train/,4,4,4,Azul
06766.jpg,FinalDatasets/Coches/cars_train/,4,4,2,Azul
01777.jpg,FinalDatasets/Coches/cars_train/,4,4,4,Rojo
05545.jpg,FinalDatasets/Coches/cars_train/,4,4,2,Azul
04406.jpg,FinalDatasets/Coches/cars_train/,4,4,4,Blanco
Car (89).jpeg,FinalDatasets/Coches/cars_train/,4,4,2,Rojo
08068.jpg,FinalDatasets/Coches/cars_train/,4,4,2,Rojo
01770.jpg,FinalDatasets/Coches/cars_train/,4,4,4,Verde
02655.jpg,FinalDatasets/Coches/cars_train/,4,4,4,Azul
Car (1114).jpeg,FinalDatasets/Coches/cars_train/,4,4,2,Rojo
02439.jpg,FinalDatasets/Coches/cars_train/,4,4,2,Verde
00513.jpg,FinalDatasets/Coches/cars_train/,4,4,4,Negro
07065.jpg,FinalDatasets/Coches/cars_train/,4,4,4,Azul
00694.jpg,FinalDatasets/Coches/cars_train/,4,4,4,Rojo
07763.jpg,FinalDatasets/Coches/cars_train/,4,4,2,Negro
06148.jpg,FinalDatasets/Coches/cars_train/,4,4,4,Rojo
06468.jpg,FinalDatasets/Coches/cars_train/,4,4,4,Rojo
Car (1260).jpeg,FinalDatasets/Coches/cars_train/,4,4,2,Verde
07361.jpg,FinalDatasets/Coches/cars_train/,4,4,4,Negro
05396.jpg,FinalDatasets/Coches/cars_train/,4,4,2,Verde
Car (950).jpeg,FinalDatasets/Coches/cars_train/,4,4,2,Verde
Car (1697).jpeg,FinalDatasets/Coches/cars_train/,4,4,4,Verde
04282.jpg,FinalDatasets/Coches/cars_train/,4,4,4,Blanco
06880.jpg,FinalDatasets/Coches/cars_train/,4,4,4,Rojo
Car (1624).jpeg,FinalDatasets/Coches/cars_train/,4,4,4,Negro
04346.jpg,FinalDatasets/Coches/cars_train/,4,4,4,Verde
00074.jpg,FinalDatasets/Coches/cars_train/,4,4,4,Blanco
04509.jpg,FinalDatasets/Coches/cars_train/,4,4,4,Verde
08021.jpg,FinalDatasets/Coches/cars_train/,4,4,4,Azul
Car (1684).jpeg,FinalDatasets/Coches/cars_train/,4,4,2,Azul
05644.jpg,FinalDatasets/Coches/cars_train/,4,4,4,Verde
05628.jpg,FinalDatasets/Coches/cars_train/,4,4,2,Rojo
02915.jpg,FinalDatasets/Coches/cars_train/,4,4,2,Rojo
00754.jpg,FinalDatasets/Coches/cars_train/,4,4,4,Negro
04119.jpg,FinalDatasets/Coches/cars_train/,4,4,4,Negro
03187.jpg,FinalDatasets/Coches/cars_train/,4,4,4,Azul
03856.jpg,FinalDatasets/Coches/cars_train/,4,4,4,Rojo
00545.jpg,FinalDatasets/Coches/cars_train/,4,4,4,Negro
04550.jpg,FinalDatasets/Coches/cars_train/,4,4,2,Verde
07457.jpg,FinalDatasets/Coches/cars_train/,4,4,4,Rojo
Car (1620).jpeg,FinalDatasets/Coches/cars_train/,4,4,4,Azul
06224.jpg,FinalDatasets/Coches/cars_train/,4,4,2,Blanco
Car (1553).jpeg,FinalDatasets/Coches/cars_train/,4,4,4,Verde
Car (1627).jpeg,FinalDatasets/Coches/cars_train/,4,4,2,Blanco
06843.jpg,FinalDatasets/Coches/cars_train/,4,4,2,Verde
00234.jpg,FinalDatasets/Coches/cars_train/,4,4,4,Rojo
06846.jpg,FinalDatasets/Coches/cars_train/,4,4,4,Blanco
04665.jpg,FinalDatasets/Coches/cars_train/,4,4,4,Negro
04332.jpg,FinalDatasets/Coches/cars_train/,4,4,2,Rojo
Car (1206).jpeg,FinalDatasets/Coches/cars_train/,4,4,4,Rojo
05540.jpg,FinalDatasets/Coches/cars_train/,4,4,4,Verde
05374.jpg,FinalDatasets/Coches/cars_train/,4,4,4,Verde
01748.jpg,FinalDatasets/Coches/cars_train/,4,4,4,Rojo
06664.jpg,FinalDatasets/Coches/cars_train/,4,4,4,Azul
04984.jpg,FinalDatasets/Coches/cars_train/,4,4,2,Verde
01374.jpg,FinalDatasets/Coches/cars_train/,4,4,2,Negro
05630.jpg,FinalDatasets/Coches/cars_train/,4,4,4,Rojo
06512.jpg,FinalDatasets/Coches/cars_train/,4,4,2,Azul
05303.jpg,FinalDatasets/Coches/cars_train/,4,4,4,Rojo
Car (688).jpeg,FinalDatasets/Coches/cars_train/,4,4,4,Blanco
Car (362).jpeg,FinalDatasets/Coches/cars_train/,4,4,2,Negro
07314.jpg,FinalDatasets/Coches/cars_train/,4,4,2,Rojo
Car (1450).jpeg,FinalDatasets/Coches/cars_train/,4,4,4,Blanco
Car (769).jpeg,FinalDatasets/Coches/cars_train/,4,4,4,Rojo
04646.jpg,FinalDatasets/Coches/cars_train/,4,4,2,Rojo
Car (1803).jpeg,FinalDatasets/Coches/cars_train/,4,4,4,Blanco
06307.jpg,FinalDatasets/Coches/cars_train/,4,4,4,Rojo
07958.jpg,FinalDatasets/Coches/cars_train/,4,4,4,Verde
07081.jpg,FinalDatasets/Coches/cars_train/,4,4,2,Blanco
06742.jpg,FinalDatasets/Coches/cars_train/,4,4,4,Negro
04649.jpg,FinalDatasets/Coches/cars_train/,4,4,4,Azul
06216.jpg,FinalDatasets/Coches/cars_train/,4,4,4,Rojo
Car (243).jpeg,FinalDatasets/Coches/cars_train/,4,4,4,Verde
Car (967).jpeg,FinalDatasets/Coches/cars_train/,4,4,2,Verde
00066.jpg,FinalDatasets/Coches/cars_train/,4,4,2,Azul
Car (355).jpeg,FinalDatasets/Coches/cars_train/,4,4,4,Verde
03736.jpg,FinalDatasets/Coches/cars_train/,4,4,4,Negro
Car (831).jpeg,FinalDatasets/Coches/cars_train/,4,4,2,Blanco
04331.jpg,FinalDatasets/Coches/cars_train/,4,4,4,Rojo
06434.jpg,FinalDatasets/Coches/cars_train/,4,4,2,Rojo
00507.jpg,FinalDatasets/Coches/cars_train/,4,4,4,Negro
01097.jpg,FinalDatasets/Coches/cars_train/,4,4,2,Blanco
04289.jpg,FinalDatasets/Coches/cars_train/,4,4,4,Verde
00990.jpg,FinalDatasets/Coches/cars_train/,4,4,4,Verde
01828.jpg,FinalDatasets/Coches/cars_train/,4,4,2,Verde
Car (491).jpeg,FinalDatasets/Coches/cars_train/,4,4,4,Verde
03312.jpg,FinalDatasets/Coches/cars_train/,4,4,2,Azul
03784.jpg,FinalDatasets/Coches/cars_train/,4,4,4,Negro
Car (556).jpeg,FinalDatasets/Coches/cars_train/,4,4,2,Blanco
Car (1262).jpeg,FinalDatasets/Coches/cars_train/,4,4,4,Negro
06146.jpg,FinalDatasets/Coches/cars_train/,4,4,2,Rojo
03489.jpg,FinalDatasets/Coches/cars_train/,4,4,2,Negro
02165.jpg,FinalDatasets/Coches/cars_train/,4,4,4,Rojo
Car (35).jpeg,FinalDatasets/Coches/cars_train/,4,4,4,Blanco
Car (386).jpeg,FinalDatasets/Coches/cars_train/,4,4,2,Negro
Car (66).jpeg,FinalDatasets/Coches/cars_train/,4,4,4,Verde
Car (1930).jpeg,FinalDatasets/Coches/cars_train/,4,4,2,Verde
07494.jpg,FinalDatasets/Coches/cars_train/,4,4,4,Azul
02436.jpg,FinalDatasets/Coches/cars_train/,4,4,2,Verde
06897.jpg,FinalDatasets/Coches/cars_train/,4,4,2,Azul
06644.jpg,FinalDatasets/Coches/cars_train/,4,4,2,Negro
05402.jpg,FinalDatasets/Coches/cars_train/,4,4,4,Blanco
02315.jpg,FinalDatasets/Coches/cars_train/,4,4,2,Azul
07847.jpg,FinalDatasets/Coches/cars_train/,4,4,4,Rojo
00387.jpg,FinalDatasets/Coches/cars_train/,4,4,2,Azul
Car (728).jpeg,FinalDatasets/Coches/cars_train/,4,4,4,Blanco
01572.jpg,FinalDatasets/Coches/cars_train/,4,4,4,Verde
01983.jpg,FinalDatasets/Coches/cars_train/,4,4,2,Azul
01683.jpg,FinalDatasets/Coches/cars_train/,4,4,2,Verde
04869.jpg,FinalDatasets/Coches/cars_train/,4,4,4,Azul
02479.jpg,FinalDatasets/Coches/cars_train/,4,4,4,Blanco
08105.jpg,FinalDatasets/Coches/cars_train/,4,4,4,Rojo
03158.jpg,FinalDatasets/Coches/cars_train/,4,4,2,Rojo
04737.jpg,FinalDatasets/Coches/cars_train/,4,4,2,Rojo
07533.jpg,FinalDatasets/Coches/cars_train/,4,4,2,Azul
Car (281).jpeg,FinalDatasets/Coches/cars_train/,4,4,2,Verde
03814.jpg,FinalDatasets/Coches/cars_train/,4,4,4,Verde
04780.jpg,FinalDatasets/Coches/cars_train/,4,4,2,Azul
05800.jpg,FinalDatasets/Coches/cars_train/,4,4,4,Verde
00033.jpg,FinalDatasets/Coches/cars_train/,4,4,4,Negro
00415.jpg,FinalDatasets/Coches/cars_train/,4,4,4,Azul
Car (521).jpeg,FinalDatasets/Coches/cars_train/,4,4,4,Verde
Car (1107).jpeg,FinalDatasets/Coches/cars_train/,4,4,4,Rojo
Car (1403).jpeg,FinalDatasets/Coches/cars_train/,4,4,4,Blanco
03694.jpg,FinalDatasets/Coches/cars_train/,4,4,4,Azul
05096.jpg,FinalDatasets/Coches/cars_train/,4,4,4,Negro
Car (1327).jpeg,FinalDatasets/Coches/cars_train/,4,4,4,Azul
00361.jpg,FinalDatasets/Coches/cars_train/,4,4,4,Rojo
03810.jpg,FinalDatasets/Coches/cars_train/,4,4,2,Azul
04652.jpg,FinalDatasets/Coches/cars_train/,4,4,4,Blanco
01583.jpg,FinalDatasets/Coches/cars_train/,4,4,4,Verde
04069.jpg,FinalDatasets/Coches/cars_train/,4,4,4,Azul
07283.jpg,FinalDatasets/Coches/cars_train/,4,4,4,Verde
Car (1575).jpeg,FinalDatasets/Coches/cars_train/,4,4,2,Negro
06703.jpg,FinalDatasets/Coches/cars_train/,4,4,2,Azul
05835.jpg,FinalDatasets/Coches/cars_train/,4,4,4,Blanco
00389.jpg,FinalDatasets/Coches/cars_train/,4,4,4,Negro
03326.jpg,FinalDatasets/Coches/cars_train/,4,4,4,Azul
03023.jpg,FinalDatasets/Coches/cars_train/,4,4,4,Rojo
Car (1282).jpeg,FinalDatasets/Coches/cars_train/,4,4,4,Azul
06890.jpg,FinalDatasets/Coches/cars_train/,4,4,4,Negro
02998.jpg,FinalDatasets/Coches/cars_train/,4,4,4,Verde
06565.jpg,FinalDatasets/Coches/cars_train/,4,4,2,Rojo
01926.jpg,FinalDatasets/Coches/cars_train/,4,4,4,Azul
03481.jpg,FinalDatasets/Coches/cars_train/,4,4,2,Rojo
00823.jpg,FinalDatasets/Coches/cars_train/,4,4,2,Negro
05435.jpg,FinalDatasets/Coches/cars_train/,4,4,2,Verde
01020.jpg,FinalDatasets/Coches/cars_train/,4,4,4,Verde
05387.jpg,FinalDatasets/Coches/cars_train/,4,4,2,Verde
07332.jpg,FinalDatasets/Coches/cars_train/,4,4,4,Verde
Car (52).jpeg,FinalDatasets/Coches/cars_train/,4,4,4,Negro
Car (1454).jpeg,FinalDatasets/Coches/cars_train/,4,4,4,Azul
Car (1810).jpeg,FinalDatasets/Coches/cars_train/,4,4,4,Blanco
00851.jpg,FinalDatasets/Coches/cars_train/,4,4,4,Negro
Car (34).jpg,FinalDatasets/Coches/cars_train/,4,4,4,Blanco
06174.jpg,FinalDatasets/Coches/cars_train/,4,4,2,Rojo
04383.jpg,FinalDatasets/Coches/cars_train/,4,4,2,Negro
04063.jpg,FinalDatasets/Coches/cars_train/,4,4,4,Azul
01397.jpg,FinalDatasets/Coches/cars_train/,4,4,4,Blanco
00505.jpg,FinalDatasets/Coches/cars_train/,4,4,4,Rojo
Car (483).jpeg,FinalDatasets/Coches/cars_train/,4,4,4,Verde
05589.jpg,FinalDatasets/Coches/cars_train/,4,4,4,Verde
00587.jpg,FinalDatasets/Coches/cars_train/,4,4,4,Negro
06284.jpg,FinalDatasets/Coches/cars_train/,4,4,2,Negro
00107.jpg,FinalDatasets/Coches/cars_train/,4,4,4,Azul
04491.jpg,FinalDatasets/Coches/cars_train/,4,4,2,Rojo
06561.jpg,FinalDatasets/Coches/cars_train/,4,4,4,Blanco
Car (95).jpeg,FinalDatasets/Coches/cars_train/,4,4,4,Verde
Car (393).jpeg,FinalDatasets/Coches/cars_train/,4,4,4,Azul
06578.jpg,FinalDatasets/Coches/cars_train/,4,4,2,Azul
05206.jpg,FinalDatasets/Coches/cars_train/,4,4,4,Rojo
Car (1836).jpeg,FinalDatasets/Coches/cars_train/,4,4,2,Verde
06695.jpg,FinalDatasets/Coches/cars_train/,4,4,4,Negro
06505.jpg,FinalDatasets/Coches/cars_train/,4,4,4,Blanco
00975.jpg,FinalDatasets/Coches/cars_train/,4,4,2,Verde
03039.jpg,FinalDatasets/Coches/cars_train/,4,4,4,Verde
Car (812).jpeg,FinalDatasets/Coches/cars_train/,4,4,4,Verde
Car (1828).jpeg,FinalDatasets/Coches/cars_train/,4,4,2,Verde
01517.jpg,FinalDatasets/Coches/cars_train/,4,4,2,Blanco
Car (1586).jpeg,FinalDatasets/Coches/cars_train/,4,4,4,Negro
03529.jpg,FinalDatasets/Coches/cars_train/,4,4,4,Negro
00421.jpg,FinalDatasets/Coches/cars_train/,4,4,4,Blanco
04822.jpg,FinalDatasets/Coches/cars_train/,4,4,2,Azul
00631.jpg,FinalDatasets/Coches/cars_train/,4,4,2,Negro
Car (196).jpeg,FinalDatasets/Coches/cars_train/,4,4,4,Rojo
01976.jpg,FinalDatasets/Coches/cars_train/,4,4,2,Negro
02407.jpg,FinalDatasets/Coches/cars_train/,4,4,4,Verde
03336.jpg,FinalDatasets/Coches/cars_train/,4,4,2,Blanco
05011.jpg,FinalDatasets/Coches/cars_train/,4,4,4,Negro
01746.jpg,FinalDatasets/Coches/cars_train/,4,4,4,Azul
01309.jpg,FinalDatasets/Coches/cars_train/,4,4,4,Blanco
07611.jpg,FinalDatasets/Coches/cars_train/,4,4,4,Blanco
07667.jpg,FinalDatasets/Coches/cars_train/,4,4,4,Verde
06347.jpg,FinalDatasets/Coches/cars_train/,4,4,4,Blanco
01284.jpg,FinalDatasets/Coches/cars_train/,4,4,4,Verde
Car (1463).jpeg,FinalDatasets/Coches/cars_train/,4,4,4,Verde
07726.jpg,FinalDatasets/Coches/cars_train/,4,4,2,Verde
07656.jpg,FinalDatasets/Coches/cars_train/,4,4,4,Blanco
Car (350).jpeg,FinalDatasets/Coches/cars_train/,4,4,2,Negro
Car (595).jpeg,FinalDatasets/Coches/cars_train/,4,4,4,Blanco
02625.jpg,FinalDatasets/Coches/cars_train/,4,4,2,Negro
Car (949).jpeg,FinalDatasets/Coches/cars_train/,4,4,4,Rojo
05271.jpg,FinalDatasets/Coches/cars_train/,4,4,4,Verde
01024.jpg,FinalDatasets/Coches/cars_train/,4,4,2,Verde
Car (390).jpeg,FinalDatasets/Coches/cars_train/,4,4,2,Negro
07380.jpg,FinalDatasets/Coches/cars_train/,4,4,2,Blanco
00518.jpg,FinalDatasets/Coches/cars_train/,4,4,4,Verde
04208.jpg,FinalDatasets/Coches/cars_train/,4,4,4,Rojo
Car (684).jpeg,FinalDatasets/Coches/cars_train/,4,4,4,Azul
07797.jpg,FinalDatasets/Coches/cars_train/,4,4,2,Blanco
01902.jpg,FinalDatasets/Coches/cars_train/,4,4,2,Blanco
08015.jpg,FinalDatasets/Coches/cars_train/,4,4,2,Verde
Car (1587).jpeg,FinalDatasets/Coches/cars_train/,4,4,4,Azul
04558.jpg,FinalDatasets/Coches/cars_train/,4,4,4,Negro
Car (73).jpeg,FinalDatasets/Coches/cars_train/,4,4,4,Rojo
05781.jpg,FinalDatasets/Coches/cars_train/,4,4,2,Verde
02642.jpg,FinalDatasets/Coches/cars_train/,4,4,4,Negro
00661.jpg,FinalDatasets/Coches/cars_train/,4,4,4,Verde
Car (779).jpeg,FinalDatasets/Coches/cars_train/,4,4,2,Negro
05495.jpg,FinalDatasets/Coches/cars_train/,4,4,4,Rojo
01826.jpg,FinalDatasets/Coches/cars_train/,4,4,2,Rojo
06969.jpg,FinalDatasets/Coches/cars_train/,4,4,4,Verde
04294.jpg,FinalDatasets/Coches/cars_train/,4,4,4,Verde
04452.jpg,FinalDatasets/Coches/cars_train/,4,4,4,Blanco
Car (564).jpeg,FinalDatasets/Coches/cars_train/,4,4,4,Verde
08043.jpg,FinalDatasets/Coches/cars_train/,4,4,2,Blanco
07568.jpg,FinalDatasets/Coches/cars_train/,4,4,2,Blanco
02379.jpg,FinalDatasets/Coches/cars_train/,4,4,4,Negro
07303.jpg,FinalDatasets/Coches/cars_train/,4,4,4,Negro
Car (1213).jpeg,FinalDatasets/Coches/cars_train/,4,4,4,Rojo
04501.jpg,FinalDatasets/Coches/cars_train/,4,4,4,Verde
04117.jpg,FinalDatasets/Coches/cars_train/,4,4,2,Rojo
03431.jpg,FinalDatasets/Coches/cars_train/,4,4,2,Verde
04045.jpg,FinalDatasets/Coches/cars_train/,4,4,4,Blanco
04031.jpg,FinalDatasets/Coches/cars_train/,4,4,2,Negro
00122.jpg,FinalDatasets/Coches/cars_train/,4,4,4,Azul
02549.jpg,FinalDatasets/Coches/cars_train/,4,4,2,Verde
02956.jpg,FinalDatasets/Coches/cars_train/,4,4,4,Verde
01013.jpg,FinalDatasets/Coches/cars_train/,4,4,4,Negro
Car (132).jpeg,FinalDatasets/Coches/cars_train/,4,4,4,Verde
06784.jpg,FinalDatasets/Coches/cars_train/,4,4,4,Rojo
03327.jpg,FinalDatasets/Coches/cars_train/,4,4,2,Azul
02456.jpg,FinalDatasets/Coches/cars_train/,4,4,4,Verde
05386.jpg,FinalDatasets/Coches/cars_train/,4,4,4,Negro
Car (1267).jpeg,FinalDatasets/Coches/cars_train/,4,4,4,Negro
05227.jpg,FinalDatasets/Coches/cars_train/,4,4,4,Rojo
07521.jpg,FinalDatasets/Coches/cars_train/,4,4,4,Rojo
05142.jpg,FinalDatasets/Coches/cars_train/,4,4,4,Verde
01958.jpg,FinalDatasets/Coches/cars_train/,4,4,2,Azul
Car (840).jpeg,FinalDatasets/Coches/cars_train/,4,4,2,Rojo
04019.jpg,FinalDatasets/Coches/cars_train/,4,4,2,Rojo
05067.jpg,FinalDatasets/Coches/cars_train/,4,4,4,Rojo
02558.jpg,FinalDatasets/Coches/cars_train/,4,4,4,Rojo
04278.jpg,FinalDatasets/Coches/cars_train/,4,4,4,Verde
01126.jpg,FinalDatasets/Coches/cars_train/,4,4,2,Azul
03900.jpg,FinalDatasets/Coches/cars_train/,4,4,4,Azul
06909.jpg,FinalDatasets/Coches/cars_train/,4,4,4,Negro
01647.jpg,FinalDatasets/Coches/cars_train/,4,4,4,Blanco
01510.jpg,FinalDatasets/Coches/cars_train/,4,4,2,Verde
06979.jpg,FinalDatasets/Coches/cars_train/,4,4,4,Verde
07012.jpg,FinalDatasets/Coches/cars_train/,4,4,2,Azul
02773.jpg,FinalDatasets/Coches/cars_train/,4,4,2,Verde
07653.jpg,FinalDatasets/Coches/cars_train/,4,4,4,Negro
01632.jpg,FinalDatasets/Coches/cars_train/,4,4,2,Rojo
04073.jpg,FinalDatasets/Coches/cars_train/,4,4,4,Blanco
Car (36).jpg,FinalDatasets/Coches/cars_train/,4,4,4,Verde
05371.jpg,FinalDatasets/Coches/cars_train/,4,4,4,Verde
00704.jpg,FinalDatasets/Coches/cars_train/,4,4,4,Verde
Car (1518).jpeg,FinalDatasets/Coches/cars_train/,4,4,4,Blanco
00512.jpg,FinalDatasets/Coches/cars_train/,4,4,4,Verde
01040.jpg,FinalDatasets/Coches/cars_train/,4,4,4,Verde
03598.jpg,FinalDatasets/Coches/cars_train/,4,4,4,Rojo
Car (809).jpeg,FinalDatasets/Coches/cars_train/,4,4,4,Azul
Car (1788).jpeg,FinalDatasets/Coches/cars_train/,4,4,4,Blanco
02482.jpg,FinalDatasets/Coches/cars_train/,4,4,4,Verde
Car (529).jpeg,FinalDatasets/Coches/cars_train/,4,4,2,Rojo
02904.jpg,FinalDatasets/Coches/cars_train/,4,4,2,Verde
Car (1649).jpeg,FinalDatasets/Coches/cars_train/,4,4,2,Verde
01427.jpg,FinalDatasets/Coches/cars_train/,4,4,4,Blanco
00081.jpg,FinalDatasets/Coches/cars_train/,4,4,2,Verde
Car (150).jpeg,FinalDatasets/Coches/cars_train/,4,4,2,Azul
03461.jpg,FinalDatasets/Coches/cars_train/,4,4,2,Verde
04363.jpg,FinalDatasets/Coches/cars_train/,4,4,4,Azul
00709.jpg,FinalDatasets/Coches/cars_train/,4,4,2,Azul
02098.jpg,FinalDatasets/Coches/cars_train/,4,4,4,Azul
01451.jpg,FinalDatasets/Coches/cars_train/,4,4,4,Rojo
01129.jpg,FinalDatasets/Coches/cars_train/,4,4,4,Azul
03389.jpg,FinalDatasets/Coches/cars_train/,4,4,2,Verde
Car (1852).jpeg,FinalDatasets/Coches/cars_train/,4,4,2,Blanco
06523.jpg,FinalDatasets/Coches/cars_train/,4,4,4,Azul
06066.jpg,FinalDatasets/Coches/cars_train/,4,4,4,Azul
00900.jpg,FinalDatasets/Coches/cars_train/,4,4,2,Negro
Car (1514).jpeg,FinalDatasets/Coches/cars_train/,4,4,2,Verde
03131.jpg,FinalDatasets/Coches/cars_train/,4,4,2,Azul
06057.jpg,FinalDatasets/Coches/cars_train/,4,4,4,Negro
03309.jpg,FinalDatasets/Coches/cars_train/,4,4,4,Blanco
03680.jpg,FinalDatasets/Coches/cars_train/,4,4,4,Negro
Car (304).jpeg,FinalDatasets/Coches/cars_train/,4,4,4,Verde
06034.jpg,FinalDatasets/Coches/cars_train/,4,4,2,Blanco
03194.jpg,FinalDatasets/Coches/cars_train/,4,4,2,Azul
06741.jpg,FinalDatasets/Coches/cars_train/,4,4,4,Blanco
07677.jpg,FinalDatasets/Coches/cars_train/,4,4,4,Verde
Car (1340).jpeg,FinalDatasets/Coches/cars_train/,4,4,2,Azul
01358.jpg,FinalDatasets/Coches/cars_train/,4,4,2,Azul
01666.jpg,FinalDatasets/Coches/cars_train/,4,4,2,Azul
05679.jpg,FinalDatasets/Coches/cars_train/,4,4,2,Blanco
01167.jpg,FinalDatasets/Coches/cars_train/,4,4,4,Blanco
01987.jpg,FinalDatasets/Coches/cars_train/,4,4,4,Verde
05035.jpg,FinalDatasets/Coches/cars_train/,4,4,2,Verde
Car (602).jpeg,FinalDatasets/Coches/cars_train/,4,4,4,Azul
03657.jpg,FinalDatasets/Coches/cars_train/,4,4,4,Negro
01301.jpg,FinalDatasets/Coches/cars_train/,4,4,4,Azul
05382.jpg,FinalDatasets/Coches/cars_train/,4,4,4,Negro
04999.jpg,FinalDatasets/Coches/cars_train/,4,4,4,Rojo
07293.jpg,FinalDatasets/Coches/cars_train/,4,4,4,Azul
02740.jpg,FinalDatasets/Coches/cars_train/,4,4,4,Azul
06651.jpg,FinalDatasets/Coches/cars_train/,4,4,4,Rojo
06301.jpg,FinalDatasets/Coches/cars_train/,4,4,4,Blanco
05939.jpg,FinalDatasets/Coches/cars_train/,4,4,4,Azul
04715.jpg,FinalDatasets/Coches/cars_train/,4,4,4,Azul
07088.jpg,FinalDatasets/Coches/cars_train/,4,4,4,Rojo
07849.jpg,FinalDatasets/Coches/cars_train/,4,4,4,Blanco
00768.jpg,FinalDatasets/Coches/cars_train/,4,4,2,Rojo
00100.jpg,FinalDatasets/Coches/cars_train/,4,4,2,Negro
05886.jpg,FinalDatasets/Coches/cars_train/,4,4,2,Rojo
00690.jpg,FinalDatasets/Coches/cars_train/,4,4,2,Azul
04598.jpg,FinalDatasets/Coches/cars_train/,4,4,4,Azul
05489.jpg,FinalDatasets/Coches/cars_train/,4,4,4,Verde
07170.jpg,FinalDatasets/Coches/cars_train/,4,4,4,Azul
02560.jpg,FinalDatasets/Coches/cars_train/,4,4,4,Azul
05028.jpg,FinalDatasets/Coches/cars_train/,4,4,4,Azul
Car (610).jpeg,FinalDatasets/Coches/cars_train/,4,4,2,Azul
03570.jpg,FinalDatasets/Coches/cars_train/,4,4,4,Azul
06907.jpg,FinalDatasets/Coches/cars_train/,4,4,2,Blanco
00233.jpg,FinalDatasets/Coches/cars_train/,4,4,2,Verde
06672.jpg,FinalDatasets/Coches/cars_train/,4,4,4,Azul
00896.jpg,FinalDatasets/Coches/cars_train/,4,4,4,Blanco
07548.jpg,FinalDatasets/Coches/cars_train/,4,4,4,Azul
03125.jpg,FinalDatasets/Coches/cars_train/,4,4,2,Blanco
Car (260).jpeg,FinalDatasets/Coches/cars_train/,4,4,2,Azul
06722.jpg,FinalDatasets/Coches/cars_train/,4,4,4,Rojo
08048.jpg,FinalDatasets/Coches/cars_train/,4,4,4,Blanco
Car (913).jpeg,FinalDatasets/Coches/cars_train/,4,4,4,Verde
Car (433).jpeg,FinalDatasets/Coches/cars_train/,4,4,4,Blanco
03436.jpg,FinalDatasets/Coches/cars_train/,4,4,2,Verde
00624.jpg,FinalDatasets/Coches/cars_train/,4,4,4,Verde
02550.jpg,FinalDatasets/Coches/cars_train/,4,4,2,Negro
00333.jpg,FinalDatasets/Coches/cars_train/,4,4,4,Negro
01896.jpg,FinalDatasets/Coches/cars_train/,4,4,4,Blanco
Car (1668).jpeg,FinalDatasets/Coches/cars_train/,4,4,2,Blanco
04680.jpg,FinalDatasets/Coches/cars_train/,4,4,2,Verde
03797.jpg,FinalDatasets/Coches/cars_train/,4,4,4,Azul
06099.jpg,FinalDatasets/Coches/cars_train/,4,4,4,Negro
06437.jpg,FinalDatasets/Coches/cars_train/,4,4,4,Azul
05355.jpg,FinalDatasets/Coches/cars_train/,4,4,4,Azul
06363.jpg,FinalDatasets/Coches/cars_train/,4,4,4,Negro
07217.jpg,FinalDatasets/Coches/cars_train/,4,4,2,Blanco
01694.jpg,FinalDatasets/Coches/cars_train/,4,4,4,Blanco
Car (1035).jpeg,FinalDatasets/Coches/cars_train/,4,4,4,Verde
Car (1933).jpeg,FinalDatasets/Coches/cars_train/,4,4,2,Rojo
05200.jpg,FinalDatasets/Coches/cars_train/,4,4,4,Blanco
01685.jpg,FinalDatasets/Coches/cars_train/,4,4,4,Blanco
06447.jpg,FinalDatasets/Coches/cars_train/,4,4,2,Verde
03179.jpg,FinalDatasets/Coches/cars_train/,4,4,4,Azul
06887.jpg,FinalDatasets/Coches/cars_train/,4,4,2,Azul
Car (1338).jpeg,FinalDatasets/Coches/cars_train/,4,4,4,Azul
08128.jpg,FinalDatasets/Coches/cars_train/,4,4,4,Negro
Car (1302).jpeg,FinalDatasets/Coches/cars_train/,4,4,4,Rojo
01785.jpg,FinalDatasets/Coches/cars_train/,4,4,4,Verde
02906.jpg,FinalDatasets/Coches/cars_train/,4,4,2,Blanco
02094.jpg,FinalDatasets/Coches/cars_train/,4,4,2,Negro
Car (1648).jpeg,FinalDatasets/Coches/cars_train/,4,4,4,Azul
00447.jpg,FinalDatasets/Coches/cars_train/,4,4,4,Azul
00873.jpg,FinalDatasets/Coches/cars_train/,4,4,4,Verde
06444.jpg,FinalDatasets/Coches/cars_train/,4,4,4,Negro
06060.jpg,FinalDatasets/Coches/cars_train/,4,4,2,Verde
Car (109).jpeg,FinalDatasets/Coches/cars_train/,4,4,4,Negro
02960.jpg,FinalDatasets/Coches/cars_train/,4,4,4,Verde
Car (1339).jpeg,FinalDatasets/Coches/cars_train/,4,4,2,Rojo
04398.jpg,FinalDatasets/Coches/cars_train/,4,4,2,Rojo
03646.jpg,FinalDatasets/Coches/cars_train/,4,4,4,Blanco
07103.jpg,FinalDatasets/Coches/cars_train/,4,4,2,Blanco
07415.jpg,FinalDatasets/Coches/cars_train/,4,4,4,Blanco
00838.jpg,FinalDatasets/Coches/cars_train/,4,4,2,Azul
05798.jpg,FinalDatasets/Coches/cars_train/,4,4,4,Rojo
07017.jpg,FinalDatasets/Coches/cars_train/,4,4,4,Blanco
04978.jpg,FinalDatasets/Coches/cars_train/,4,4,4,Blanco
04371.jpg,FinalDatasets/Coches/cars_train/,4,4,2,Negro
06779.jpg,FinalDatasets/Coches/cars_train/,4,4,4,Verde
07670.jpg,FinalDatasets/Coches/cars_train/,4,4,4,Verde
07030.jpg,FinalDatasets/Coches/cars_train/,4,4,4,Rojo
01395.jpg,FinalDatasets/Coches/cars_train/,4,4,4,Blanco
07641.jpg,FinalDatasets/Coches/cars_train/,4,4,2,Rojo
03416.jpg,FinalDatasets/Coches/cars_train/,4,4,2,Negro
05911.jpg,FinalDatasets/Coches/cars_train/,4,4,4,Verde
Car (1765).jpeg,FinalDatasets/Coches/cars_train/,4,4,2,Negro
06390.jpg,FinalDatasets/Coches/cars_train/,4,4,4,Verde
06379.jpg,FinalDatasets/Coches/cars_train/,4,4,4,Rojo
07871.jpg,FinalDatasets/Coches/cars_train/,4,4,4,Azul
06788.jpg,FinalDatasets/Coches/cars_train/,4,4,2,Rojo
Car (273).jpeg,FinalDatasets/Coches/cars_train/,4,4,2,Blanco
05473.jpg,FinalDatasets/Coches/cars_train/,4,4,4,Azul
07517.jpg,FinalDatasets/Coches/cars_train/,4,4,2,Verde
00743.jpg,FinalDatasets/Coches/cars_train/,4,4,4,Blanco
05826.jpg,FinalDatasets/Coches/cars_train/,4,4,2,Blanco
01324.jpg,FinalDatasets/Coches/cars_train/,4,4,4,Azul
Car (112).jpeg,FinalDatasets/Coches/cars_train/,4,4,4,Rojo
00359.jpg,FinalDatasets/Coches/cars_train/,4,4,4,Azul
02543.jpg,FinalDatasets/Coches/cars_train/,4,4,4,Negro
03938.jpg,FinalDatasets/Coches/cars_train/,4,4,4,Verde
00277.jpg,FinalDatasets/Coches/cars_train/,4,4,4,Verde
Car (714).jpeg,FinalDatasets/Coches/cars_train/,4,4,2,Rojo
Car (1132).jpeg,FinalDatasets/Coches/cars_train/,4,4,4,Rojo
05220.jpg,FinalDatasets/Coches/cars_train/,4,4,2,Verde
03710.jpg,FinalDatasets/Coches/cars_train/,4,4,4,Verde
Car (1557).jpeg,FinalDatasets/Coches/cars_train/,4,4,4,Rojo
01767.jpg,FinalDatasets/Coches/cars_train/,4,4,2,Rojo
00215.jpg,FinalDatasets/Coches/cars_train/,4,4,4,Blanco
04482.jpg,FinalDatasets/Coches/cars_train/,4,4,2,Azul
07714.jpg,FinalDatasets/Coches/cars_train/,4,4,4,Verde
00261.jpg,FinalDatasets/Coches/cars_train/,4,4,4,Negro
01995.jpg,FinalDatasets/Coches/cars_train/,4,4,4,Rojo
03004.jpg,FinalDatasets/Coches/cars_train/,4,4,4,Verde
07734.jpg,FinalDatasets/Coches/cars_train/,4,4,2,Negro
02246.jpg,FinalDatasets/Coches/cars_train/,4,4,2,Verde
01659.jpg,FinalDatasets/Coches/cars_train/,4,4,4,Verde
Car (1872).jpeg,FinalDatasets/Coches/cars_train/,4,4,4,Blanco
00626.jpg,FinalDatasets/Coches/cars_train/,4,4,2,Rojo
02085.jpg,FinalDatasets/Coches/cars_train/,4,4,4,Blanco
Car (1399).jpeg,FinalDatasets/Coches/cars_train/,4,4,4,Blanco
Car (1483).jpeg,FinalDatasets/Coches/cars_train/,4,4,2,Rojo
07498.jpg,FinalDatasets/Coches/cars_train/,4,4,4,Verde
06487.jpg,FinalDatasets/Coches/cars_train/,4,4,4,Azul
03425.jpg,FinalDatasets/Coches/cars_train/,4,4,4,Verde
00418.jpg,FinalDatasets/Coches/cars_train/,4,4,2,Negro
06759.jpg,FinalDatasets/Coches/cars_train/,4,4,4,Negro
01860.jpg,FinalDatasets/Coches/cars_train/,4,4,4,Blanco
Car (237).jpeg,FinalDatasets/Coches/cars_train/,4,4,2,Rojo
05210.jpg,FinalDatasets/Coches/cars_train/,4,4,4,Azul
05347.jpg,FinalDatasets/Coches/cars_train/,4,4,4,Verde
06919.jpg,FinalDatasets/Coches/cars_train/,4,4,4,Azul
02652.jpg,FinalDatasets/Coches/cars_train/,4,4,4,Negro
02280.jpg,FinalDatasets/Coches/cars_train/,4,4,4,Blanco
05985.jpg,FinalDatasets/Coches/cars_train/,4,4,4,Negro
05794.jpg,FinalDatasets/Coches/cars_train/,4,4,2,Azul
00275.jpg,FinalDatasets/Coches/cars_train/,4,4,4,Blanco
00467.jpg,FinalDatasets/Coches/cars_train/,4,4,4,Verde
05931.jpg,FinalDatasets/Coches/cars_train/,4,4,2,Blanco
00892.jpg,FinalDatasets/Coches/cars_train/,4,4,4,Negro
07084.jpg,FinalDatasets/Coches/cars_train/,4,4,4,Rojo
04430.jpg,FinalDatasets/Coches/cars_train/,4,4,2,Negro
04196.jpg,FinalDatasets/Coches/cars_train/,4,4,4,Negro
05957.jpg,FinalDatasets/Coches/cars_train/,4,4,2,Rojo
05771.jpg,FinalDatasets/Coches/cars_train/,4,4,2,Azul
00735.jpg,FinalDatasets/Coches/cars_train/,4,4,2,Rojo
07575.jpg,FinalDatasets/Coches/cars_train/,4,4,4,Rojo
01060.jpg,FinalDatasets/Coches/cars_train/,4,4,4,Verde
05413.jpg,FinalDatasets/Coches/cars_train/,4,4,2,Rojo
03576.jpg,FinalDatasets/Coches/cars_train/,4,4,2,Blanco
00483.jpg,FinalDatasets/Coches/cars_train/,4,4,4,Blanco
03089.jpg,FinalDatasets/Coches/cars_train/,4,4,2,Rojo
05267.jpg,FinalDatasets/Coches/cars_train/,4,4,4,Rojo
04265.jpg,FinalDatasets/Coches/cars_train/,4,4,4,Verde
03803.jpg,FinalDatasets/Coches/cars_train/,4,4,4,Rojo
07427.jpg,FinalDatasets/Coches/cars_train/,4,4,2,Blanco
Car (345).jpeg,FinalDatasets/Coches/cars_train/,4,4,2,Verde
04636.jpg,FinalDatasets/Coches/cars_train/,4,4,4,Rojo
07603.jpg,FinalDatasets/Coches/cars_train/,4,4,2,Azul
06479.jpg,FinalDatasets/Coches/cars_train/,4,4,4,Blanco
00488.jpg,FinalDatasets/Coches/cars_train/,4,4,4,Blanco
06294.jpg,FinalDatasets/Coches/cars_train/,4,4,4,Negro
01493.jpg,FinalDatasets/Coches/cars_train/,4,4,2,Rojo
03008.jpg,FinalDatasets/Coches/cars_train/,4,4,4,Azul
Car (1150).jpeg,FinalDatasets/Coches/cars_train/,4,4,2,Rojo
06544.jpg,FinalDatasets/Coches/cars_train/,4,4,4,Negro
05827.jpg,FinalDatasets/Coches/cars_train/,4,4,2,Azul
05861.jpg,FinalDatasets/Coches/cars_train/,4,4,4,Verde
Car (1303).jpeg,FinalDatasets/Coches/cars_train/,4,4,4,Negro
02371.jpg,FinalDatasets/Coches/cars_train/,4,4,4,Azul
Car (212).jpeg,FinalDatasets/Coches/cars_train/,4,4,2,Negro
07606.jpg,FinalDatasets/Coches/cars_train/,4,4,4,Rojo
Car (87).jpeg,FinalDatasets/Coches/cars_train/,4,4,4,Rojo
07775.jpg,FinalDatasets/Coches/cars_train/,4,4,4,Blanco
07544.jpg,FinalDatasets/Coches/cars_train/,4,4,4,Blanco
08132.jpg,FinalDatasets/Coches/cars_train/,4,4,4,Azul
00523.jpg,FinalDatasets/Coches/cars_train/,4,4,2,Rojo
03604.jpg,FinalDatasets/Coches/cars_train/,4,4,2,Azul
07014.jpg,FinalDatasets/Coches/cars_train/,4,4,4,Negro
06144.jpg,FinalDatasets/Coches/cars_train/,4,4,4,Rojo
07264.jpg,FinalDatasets/Coches/cars_train/,4,4,4,Verde
02670.jpg,FinalDatasets/Coches/cars_train/,4,4,4,Blanco
06943.jpg,FinalDatasets/Coches/cars_train/,4,4,4,Azul
Car (1019).jpeg,FinalDatasets/Coches/cars_train/,4,4,4,Negro
05813.jpg,FinalDatasets/Coches/cars_train/,4,4,2,Negro
Car (423).jpeg,FinalDatasets/Coches/cars_train/,4,4,4,Negro
04562.jpg,FinalDatasets/Coches/cars_train/,4,4,4,Blanco
Car (842).jpeg,FinalDatasets/Coches/cars_train/,4,4,2,Rojo
Car (1366).jpeg,FinalDatasets/Coches/cars_train/,4,4,2,Verde
07547.jpg,FinalDatasets/Coches/cars_train/,4,4,4,Rojo
00849.jpg,FinalDatasets/Coches/cars_train/,4,4,2,Verde
06247.jpg,FinalDatasets/Coches/cars_train/,4,4,4,Blanco
01470.jpg,FinalDatasets/Coches/cars_train/,4,4,4,Azul
02494.jpg,FinalDatasets/Coches/cars_train/,4,4,4,Azul
Car (224).jpeg,FinalDatasets/Coches/cars_train/,4,4,2,Blanco
Car (372).jpeg,FinalDatasets/Coches/cars_train/,4,4,4,Blanco
04672.jpg,FinalDatasets/Coches/cars_train/,4,4,4,Negro
02660.jpg,FinalDatasets/Coches/cars_train/,4,4,4,Negro
Car (380).jpeg,FinalDatasets/Coches/cars_train/,4,4,4,Verde
02726.jpg,FinalDatasets/Coches/cars_train/,4,4,4,Verde
06488.jpg,FinalDatasets/Coches/cars_train/,4,4,4,Rojo
05153.jpg,FinalDatasets/Coches/cars_train/,4,4,4,Azul
05018.jpg,FinalDatasets/Coches/cars_train/,4,4,4,Negro
07001.jpg,FinalDatasets/Coches/cars_train/,4,4,4,Azul
07287.jpg,FinalDatasets/Coches/cars_train/,4,4,4,Azul
04459.jpg,FinalDatasets/Coches/cars_train/,4,4,4,Verde
04993.jpg,FinalDatasets/Coches/cars_train/,4,4,2,Verde
02926.jpg,FinalDatasets/Coches/cars_train/,4,4,2,Rojo
03463.jpg,FinalDatasets/Coches/cars_train/,4,4,4,Azul
00289.jpg,FinalDatasets/Coches/cars_train/,4,4,2,Blanco
07378.jpg,FinalDatasets/Coches/cars_train/,4,4,4,Azul
04220.jpg,FinalDatasets/Coches/cars_train/,4,4,4,Azul
00118.jpg,FinalDatasets/Coches/cars_train/,4,4,4,Verde
02093.jpg,FinalDatasets/Coches/cars_train/,4,4,2,Verde
03698.jpg,FinalDatasets/Coches/cars_train/,4,4,4,Blanco
00435.jpg,FinalDatasets/Coches/cars_train/,4,4,4,Verde
00832.jpg,FinalDatasets/Coches/cars_train/,4,4,4,Verde
Car (1407).jpeg,FinalDatasets/Coches/cars_train/,4,4,4,Rojo
Car (616).jpeg,FinalDatasets/Coches/cars_train/,4,4,4,Negro
00196.jpg,FinalDatasets/Coches/cars_train/,4,4,4,Verde
01953.jpg,FinalDatasets/Coches/cars_train/,4,4,2,Negro
00005.jpg,FinalDatasets/Coches/cars_train/,4,4,4,Blanco
00217.jpg,FinalDatasets/Coches/cars_train/,4,4,4,Negro
01031.jpg,FinalDatasets/Coches/cars_train/,4,4,4,Verde
00048.jpg,FinalDatasets/Coches/cars_train/,4,4,4,Negro
01177.jpg,FinalDatasets/Coches/cars_train/,4,4,4,Verde
Car (1024).jpeg,FinalDatasets/Coches/cars_train/,4,4,4,Negro
03028.jpg,FinalDatasets/Coches/cars_train/,4,4,4,Negro
Car (156).jpeg,FinalDatasets/Coches/cars_train/,4,4,4,Verde
02896.jpg,FinalDatasets/Coches/cars_train/,4,4,4,Azul
07549.jpg,FinalDatasets/Coches/cars_train/,4,4,4,Azul
06542.jpg,FinalDatasets/Coches/cars_train/,4,4,2,Negro
05943.jpg,FinalDatasets/Coches/cars_train/,4,4,2,Blanco
06024.jpg,FinalDatasets/Coches/cars_train/,4,4,4,Azul
03601.jpg,FinalDatasets/Coches/cars_train/,4,4,4,Negro
07278.jpg,FinalDatasets/Coches/cars_train/,4,4,4,Verde
01262.jpg,FinalDatasets/Coches/cars_train/,4,4,4,Negro
03992.jpg,FinalDatasets/Coches/cars_train/,4,4,4,Azul
02346.jpg,FinalDatasets/Coches/cars_train/,4,4,2,Verde
04494.jpg,FinalDatasets/Coches/cars_train/,4,4,4,Negro
07244.jpg,FinalDatasets/Coches/cars_train/,4,4,4,Blanco
Car (1675).jpeg,FinalDatasets/Coches/cars_train/,4,4,4,Azul
Car (424).jpeg,FinalDatasets/Coches/cars_train/,4,4,4,Verde
Car (1143).jpeg,FinalDatasets/Coches/cars_train/,4,4,2,Azul
06659.jpg,FinalDatasets/Coches/cars_train/,4,4,2,Rojo
07510.jpg,FinalDatasets/Coches/cars_train/,4,4,2,Negro
06087.jpg,FinalDatasets/Coches/cars_train/,4,4,2,Blanco
07445.jpg,FinalDatasets/Coches/cars_train/,4,4,4,Rojo
Car (1050).jpeg,FinalDatasets/Coches/cars_train/,4,4,4,Verde
Car (1725).jpeg,FinalDatasets/Coches/cars_train/,4,4,2,Rojo
Car (1127).jpeg,FinalDatasets/Coches/cars_train/,4,4,4,Negro
Car (4).jpg,FinalDatasets/Coches/cars_train/,4,4,4,Rojo
07535.jpg,FinalDatasets/Coches/cars_train/,4,4,4,Verde
05603.jpg,FinalDatasets/Coches/cars_train/,4,4,4,Blanco
Car (58).jpeg,FinalDatasets/Coches/cars_train/,4,4,4,Verde
01149.jpg,FinalDatasets/Coches/cars_train/,4,4,4,Verde
05283.jpg,FinalDatasets/Coches/cars_train/,4,4,4,Blanco
07836.jpg,FinalDatasets/Coches/cars_train/,4,4,4,Blanco
03305.jpg,FinalDatasets/Coches/cars_train/,4,4,2,Rojo
Car (858).jpeg,FinalDatasets/Coches/cars_train/,4,4,4,Verde
01496.jpg,FinalDatasets/Coches/cars_train/,4,4,4,Negro
Car (192).jpeg,FinalDatasets/Coches/cars_train/,4,4,2,Azul
07572.jpg,FinalDatasets/Coches/cars_train/,4,4,2,Verde
Car (783).jpeg,FinalDatasets/Coches/cars_train/,4,4,4,Blanco
08133.jpg,FinalDatasets/Coches/cars_train/,4,4,2,Azul
05474.jpg,FinalDatasets/Coches/cars_train/,4,4,4,Verde
03695.jpg,FinalDatasets/Coches/cars_train/,4,4,4,Verde
02764.jpg,FinalDatasets/Coches/cars_train/,4,4,4,Rojo
00409.jpg,FinalDatasets/Coches/cars_train/,4,4,4,Rojo
01900.jpg,FinalDatasets/Coches/cars_train/,4,4,4,Rojo
00014.jpg,FinalDatasets/Coches/cars_train/,4,4,4,Azul
02164.jpg,FinalDatasets/Coches/cars_train/,4,4,2,Negro
00710.jpg,FinalDatasets/Coches/cars_train/,4,4,2,Negro
07913.jpg,FinalDatasets/Coches/cars_train/,4,4,2,Rojo
03401.jpg,FinalDatasets/Coches/cars_train/,4,4,4,Azul
06164.jpg,FinalDatasets/Coches/cars_train/,4,4,2,Azul
03440.jpg,FinalDatasets/Coches/cars_train/,4,4,2,Blanco
02089.jpg,FinalDatasets/Coches/cars_train/,4,4,4,Negro
03859.jpg,FinalDatasets/Coches/cars_train/,4,4,4,Azul
07576.jpg,FinalDatasets/Coches/cars_train/,4,4,2,Azul
04866.jpg,FinalDatasets/Coches/cars_train/,4,4,4,Azul
05821.jpg,FinalDatasets/Coches/cars_train/,4,4,2,Verde
08114.jpg,FinalDatasets/Coches/cars_train/,4,4,4,Azul
07184.jpg,FinalDatasets/Coches/cars_train/,4,4,2,Rojo
07888.jpg,FinalDatasets/Coches/cars_train/,4,4,4,Verde
Car (1698).jpeg,FinalDatasets/Coches/cars_train/,4,4,2,Azul
Car (1264).jpeg,FinalDatasets/Coches/cars_train/,4,4,4,Rojo
01142.jpg,FinalDatasets/Coches/cars_train/,4,4,2,Azul
00675.jpg,FinalDatasets/Coches/cars_train/,4,4,4,Rojo
06891.jpg,FinalDatasets/Coches/cars_train/,4,4,4,Blanco
05455.jpg,FinalDatasets/Coches/cars_train/,4,4,2,Rojo
06040.jpg,FinalDatasets/Coches/cars_train/,4,4,4,Negro
00693.jpg,FinalDatasets/Coches/cars_train/,4,4,4,Azul
01994.jpg,FinalDatasets/Coches/cars_train/,4,4,4,Negro
06966.jpg,FinalDatasets/Coches/cars_train/,4,4,2,Rojo
06102.jpg,FinalDatasets/Coches/cars_train/,4,4,4,Blanco
Car (681).jpeg,FinalDatasets/Coches/cars_train/,4,4,4,Verde
07676.jpg,FinalDatasets/Coches/cars_train/,4,4,2,Azul
06501.jpg,FinalDatasets/Coches/cars_train/,4,4,4,Verde
05479.jpg,FinalDatasets/Coches/cars_train/,4,4,2,Negro
03936.jpg,FinalDatasets/Coches/cars_train/,4,4,4,Negro
02485.jpg,FinalDatasets/Coches/cars_train/,4,4,4,Azul
Car (277).jpeg,FinalDatasets/Coches/cars_train/,4,4,4,Rojo
01704.jpg,FinalDatasets/Coches/cars_train/,4,4,2,Rojo
07018.jpg,FinalDatasets/Coches/cars_train/,4,4,2,Verde
05063.jpg,FinalDatasets/Coches/cars_train/,4,4,4,Blanco
06879.jpg,FinalDatasets/Coches/cars_train/,4,4,2,Negro
02357.jpg,FinalDatasets/Coches/cars_train/,4,4,4,Azul
06090.jpg,FinalDatasets/Coches/cars_train/,4,4,2,Rojo
06465.jpg,FinalDatasets/Coches/cars_train/,4,4,2,Azul
03748.jpg,FinalDatasets/Coches/cars_train/,4,4,4,Rojo
06245.jpg,FinalDatasets/Coches/cars_train/,4,4,4,Blanco
03301.jpg,FinalDatasets/Coches/cars_train/,4,4,4,Azul
02770.jpg,FinalDatasets/Coches/cars_train/,4,4,4,Blanco
02886.jpg,FinalDatasets/Coches/cars_train/,4,4,4,Verde
04662.jpg,FinalDatasets/Coches/cars_train/,4,4,4,Rojo
02351.jpg,FinalDatasets/Coches/cars_train/,4,4,4,Rojo
Car (64).jpeg,FinalDatasets/Coches/cars_train/,4,4,2,Verde
Car (1271).jpeg,FinalDatasets/Coches/cars_train/,4,4,2,Blanco
02695.jpg,FinalDatasets/Coches/cars_train/,4,4,2,Rojo
06800.jpg,FinalDatasets/Coches/cars_train/,4,4,4,Blanco
02527.jpg,FinalDatasets/Coches/cars_train/,4,4,4,Verde
06783.jpg,FinalDatasets/Coches/cars_train/,4,4,4,Negro
03181.jpg,FinalDatasets/Coches/cars_train/,4,4,4,Verde
Car (1179).jpeg,FinalDatasets/Coches/cars_train/,4,4,4,Blanco
02608.jpg,FinalDatasets/Coches/cars_train/,4,4,4,Azul
03636.jpg,FinalDatasets/Coches/cars_train/,4,4,4,Verde
00959.jpg,FinalDatasets/Coches/cars_train/,4,4,4,Blanco
02126.jpg,FinalDatasets/Coches/cars_train/,4,4,4,Azul
07485.jpg,FinalDatasets/Coches/cars_train/,4,4,4,Negro
02174.jpg,FinalDatasets/Coches/cars_train/,4,4,4,Rojo
01769.jpg,FinalDatasets/Coches/cars_train/,4,4,4,Negro
01045.jpg,FinalDatasets/Coches/cars_train/,4,4,4,Negro
Car (1222).jpeg,FinalDatasets/Coches/cars_train/,4,4,2,Azul
05629.jpg,FinalDatasets/Coches/cars_train/,4,4,2,Verde
02408.jpg,FinalDatasets/Coches/cars_train/,4,4,2,Verde
Car (30).jpg,FinalDatasets/Coches/cars_train/,4,4,4,Blanco
06076.jpg,FinalDatasets/Coches/cars_train/,4,4,4,Azul
02640.jpg,FinalDatasets/Coches/cars_train/,4,4,4,Verde
00534.jpg,FinalDatasets/Coches/cars_train/,4,4,4,Azul
07878.jpg,FinalDatasets/Coches/cars_train/,4,4,4,Verde
05560.jpg,FinalDatasets/Coches/cars_train/,4,4,4,Negro
02582.jpg,FinalDatasets/Coches/cars_train/,4,4,4,Blanco
02980.jpg,FinalDatasets/Coches/cars_train/,4,4,2,Negro
04906.jpg,FinalDatasets/Coches/cars_train/,4,4,4,Azul
Car (175).jpeg,FinalDatasets/Coches/cars_train/,4,4,2,Verde
03073.jpg,FinalDatasets/Coches/cars_train/,4,4,4,Negro
00366.jpg,FinalDatasets/Coches/cars_train/,4,4,4,Azul
05466.jpg,FinalDatasets/Coches/cars_train/,4,4,4,Blanco
05690.jpg,FinalDatasets/Coches/cars_train/,4,4,4,Blanco
Car (1256).jpeg,FinalDatasets/Coches/cars_train/,4,4,4,Azul
04321.jpg,FinalDatasets/Coches/cars_train/,4,4,4,Blanco
04898.jpg,FinalDatasets/Coches/cars_train/,4,4,2,Rojo
07011.jpg,FinalDatasets/Coches/cars_train/,4,4,2,Verde
04712.jpg,FinalDatasets/Coches/cars_train/,4,4,4,Blanco
02435.jpg,FinalDatasets/Coches/cars_train/,4,4,2,Rojo
Car (1904).jpeg,FinalDatasets/Coches/cars_train/,4,4,2,Azul
00160.jpg,FinalDatasets/Coches/cars_train/,4,4,2,Negro
07059.jpg,FinalDatasets/Coches/cars_train/,4,4,4,Verde
02319.jpg,FinalDatasets/Coches/cars_train/,4,4,4,Rojo
04017.jpg,FinalDatasets/Coches/cars_train/,4,4,4,Azul
Car (1247).jpeg,FinalDatasets/Coches/cars_train/,4,4,2,Negro
04861.jpg,FinalDatasets/Coches/cars_train/,4,4,2,Rojo
04026.jpg,FinalDatasets/Coches/cars_train/,4,4,2,Rojo
06424.jpg,FinalDatasets/Coches/cars_train/,4,4,4,Negro
05276.jpg,FinalDatasets/Coches/cars_train/,4,4,2,Rojo
05854.jpg,FinalDatasets/Coches/cars_train/,4,4,2,Negro
06597.jpg,FinalDatasets/Coches/cars_train/,4,4,2,Verde
02498.jpg,FinalDatasets/Coches/cars_train/,4,4,2,Rojo
04854.jpg,FinalDatasets/Coches/cars_train/,4,4,4,Blanco
06950.jpg,FinalDatasets/Coches/cars_train/,4,4,4,Azul
01789.jpg,FinalDatasets/Coches/cars_train/,4,4,4,Azul
Car (1720).jpeg,FinalDatasets/Coches/cars_train/,4,4,2,Verde
06326.jpg,FinalDatasets/Coches/cars_train/,4,4,4,Negro
05440.jpg,FinalDatasets/Coches/cars_train/,4,4,2,Negro
02766.jpg,FinalDatasets/Coches/cars_train/,4,4,2,Azul
01904.jpg,FinalDatasets/Coches/cars_train/,4,4,4,Azul
03421.jpg,FinalDatasets/Coches/cars_train/,4,4,4,Verde
06521.jpg,FinalDatasets/Coches/cars_train/,4,4,4,Rojo
01471.jpg,FinalDatasets/Coches/cars_train/,4,4,2,Blanco
01707.jpg,FinalDatasets/Coches/cars_train/,4,4,4,Blanco
Car (1188).jpeg,FinalDatasets/Coches/cars_train/,4,4,4,Verde
Car (1111).jpeg,FinalDatasets/Coches/cars_train/,4,4,2,Azul
00168.jpg,FinalDatasets/Coches/cars_train/,4,4,2,Rojo
06942.jpg,FinalDatasets/Coches/cars_train/,4,4,4,Verde
05375.jpg,FinalDatasets/Coches/cars_train/,4,4,4,Verde
07312.jpg,FinalDatasets/Coches/cars_train/,4,4,2,Rojo
06587.jpg,FinalDatasets/Coches/cars_train/,4,4,4,Verde
Car (977).jpeg,FinalDatasets/Coches/cars_train/,4,4,4,Azul
Car (994).jpeg,FinalDatasets/Coches/cars_train/,4,4,2,Azul
00325.jpg,FinalDatasets/Coches/cars_train/,4,4,2,Verde
04778.jpg,FinalDatasets/Coches/cars_train/,4,4,4,Azul
00706.jpg,FinalDatasets/Coches/cars_train/,4,4,4,Verde
01729.jpg,FinalDatasets/Coches/cars_train/,4,4,4,Rojo
06484.jpg,FinalDatasets/Coches/cars_train/,4,4,4,Rojo
03287.jpg,FinalDatasets/Coches/cars_train/,4,4,4,Verde
03847.jpg,FinalDatasets/Coches/cars_train/,4,4,2,Verde
06086.jpg,FinalDatasets/Coches/cars_train/,4,4,4,Azul
06605.jpg,FinalDatasets/Coches/cars_train/,4,4,4,Azul
00137.jpg,FinalDatasets/Coches/cars_train/,4,4,4,Azul
03034.jpg,FinalDatasets/Coches/cars_train/,4,4,4,Blanco
05742.jpg,FinalDatasets/Coches/cars_train/,4,4,4,Blanco
01196.jpg,FinalDatasets/Coches/cars_train/,4,4,2,Rojo
05388.jpg,FinalDatasets/Coches/cars_train/,4,4,2,Azul
Car (1008).jpeg,FinalDatasets/Coches/cars_train/,4,4,4,Negro
03828.jpg,FinalDatasets/Coches/cars_train/,4,4,2,Verde
Car (1929).jpeg,FinalDatasets/Coches/cars_train/,4,4,4,Negro
04237.jpg,FinalDatasets/Coches/cars_train/,4,4,2,Verde
Car (1932).jpeg,FinalDatasets/Coches/cars_train/,4,4,4,Negro
00539.jpg,FinalDatasets/Coches/cars_train/,4,4,4,Azul
00249.jpg,FinalDatasets/Coches/cars_train/,4,4,4,Azul
06078.jpg,FinalDatasets/Coches/cars_train/,4,4,2,Rojo
01952.jpg,FinalDatasets/Coches/cars_train/,4,4,2,Verde
Car (805).jpeg,FinalDatasets/Coches/cars_train/,4,4,4,Azul
00886.jpg,FinalDatasets/Coches/cars_train/,4,4,2,Blanco
06118.jpg,FinalDatasets/Coches/cars_train/,4,4,2,Azul
04645.jpg,FinalDatasets/Coches/cars_train/,4,4,2,Azul
05901.jpg,FinalDatasets/Coches/cars_train/,4,4,2,Negro
07835.jpg,FinalDatasets/Coches/cars_train/,4,4,2,Blanco
07342.jpg,FinalDatasets/Coches/cars_train/,4,4,2,Verde
04610.jpg,FinalDatasets/Coches/cars_train/,4,4,2,Azul
01455.jpg,FinalDatasets/Coches/cars_train/,4,4,2,Rojo
03909.jpg,FinalDatasets/Coches/cars_train/,4,4,4,Negro
05533.jpg,FinalDatasets/Coches/cars_train/,4,4,4,Verde
Car (655).jpeg,FinalDatasets/Coches/cars_train/,4,4,2,Rojo
Car (1823).jpeg,FinalDatasets/Coches/cars_train/,4,4,4,Blanco
01343.jpg,FinalDatasets/Coches/cars_train/,4,4,4,Azul
04335.jpg,FinalDatasets/Coches/cars_train/,4,4,2,Azul
01818.jpg,FinalDatasets/Coches/cars_train/,4,4,4,Verde
07524.jpg,FinalDatasets/Coches/cars_train/,4,4,4,Verde
05915.jpg,FinalDatasets/Coches/cars_train/,4,4,4,Verde
03521.jpg,FinalDatasets/Coches/cars_train/,4,4,4,Verde
01800.jpg,FinalDatasets/Coches/cars_train/,4,4,4,Azul
Car (1761).jpeg,FinalDatasets/Coches/cars_train/,4,4,4,Azul
00085.jpg,FinalDatasets/Coches/cars_train/,4,4,4,Azul
05573.jpg,FinalDatasets/Coches/cars_train/,4,4,4,Blanco
Car (1521).jpeg,FinalDatasets/Coches/cars_train/,4,4,4,Azul
07087.jpg,FinalDatasets/Coches/cars_train/,4,4,4,Rojo
03330.jpg,FinalDatasets/Coches/cars_train/,4,4,2,Negro
02552.jpg,FinalDatasets/Coches/cars_train/,4,4,2,Azul
07640.jpg,FinalDatasets/Coches/cars_train/,4,4,4,Verde
05585.jpg,FinalDatasets/Coches/cars_train/,4,4,4,Rojo
Car (1617).jpeg,FinalDatasets/Coches/cars_train/,4,4,4,Rojo
06265.jpg,FinalDatasets/Coches/cars_train/,4,4,4,Blanco
07179.jpg,FinalDatasets/Coches/cars_train/,4,4,2,Verde
01457.jpg,FinalDatasets/Coches/cars_train/,4,4,2,Negro
07637.jpg,FinalDatasets/Coches/cars_train/,4,4,4,Negro
00922.jpg,FinalDatasets/Coches/cars_train/,4,4,2,Blanco
06886.jpg,FinalDatasets/Coches/cars_train/,4,4,4,Rojo
00863.jpg,FinalDatasets/Coches/cars_train/,4,4,4,Negro
05467.jpg,FinalDatasets/Coches/cars_train/,4,4,2,Azul
06079.jpg,FinalDatasets/Coches/cars_train/,4,4,4,Rojo
04182.jpg,FinalDatasets/Coches/cars_train/,4,4,2,Verde
Car (919).jpeg,FinalDatasets/Coches/cars_train/,4,4,2,Verde
04975.jpg,FinalDatasets/Coches/cars_train/,4,4,2,Rojo
06340.jpg,FinalDatasets/Coches/cars_train/,4,4,4,Verde
05095.jpg,FinalDatasets/Coches/cars_train/,4,4,2,Azul
02413.jpg,FinalDatasets/Coches/cars_train/,4,4,4,Negro
01285.jpg,FinalDatasets/Coches/cars_train/,4,4,2,Negro
Car (932).jpeg,FinalDatasets/Coches/cars_train/,4,4,4,Blanco
Car (1498).jpeg,FinalDatasets/Coches/cars_train/,4,4,4,Verde
00106.jpg,FinalDatasets/Coches/cars_train/,4,4,4,Negro
Car (1130).jpeg,FinalDatasets/Coches/cars_train/,4,4,4,Blanco
04784.jpg,FinalDatasets/Coches/cars_train/,4,4,4,Azul
06135.jpg,FinalDatasets/Coches/cars_train/,4,4,4,Azul
Car (20).jpg,FinalDatasets/Coches/cars_train/,4,4,2,Rojo
00286.jpg,FinalDatasets/Coches/cars_train/,4,4,4,Verde
06735.jpg,FinalDatasets/Coches/cars_train/,4,4,4,Verde
05198.jpg,FinalDatasets/Coches/cars_train/,4,4,4,Blanco
03170.jpg,FinalDatasets/Coches/cars_train/,4,4,4,Verde
05950.jpg,FinalDatasets/Coches/cars_train/,4,4,2,Blanco
05060.jpg,FinalDatasets/Coches/cars_train/,4,4,4,Negro
04917.jpg,FinalDatasets/Coches/cars_train/,4,4,4,Negro
Car (193).jpeg,FinalDatasets/Coches/cars_train/,4,4,4,Rojo
04529.jpg,FinalDatasets/Coches/cars_train/,4,4,4,Rojo
Car (815).jpeg,FinalDatasets/Coches/cars_train/,4,4,2,Negro
01265.jpg,FinalDatasets/Coches/cars_train/,4,4,4,Blanco
04963.jpg,FinalDatasets/Coches/cars_train/,4,4,4,Azul
Car (371).jpeg,FinalDatasets/Coches/cars_train/,4,4,2,Verde
06761.jpg,FinalDatasets/Coches/cars_train/,4,4,2,Rojo
01091.jpg,FinalDatasets/Coches/cars_train/,4,4,4,Azul
05009.jpg,FinalDatasets/Coches/cars_train/,4,4,4,Rojo
00328.jpg,FinalDatasets/Coches/cars_train/,4,4,2,Verde
06293.jpg,FinalDatasets/Coches/cars_train/,4,4,2,Azul
02686.jpg,FinalDatasets/Coches/cars_train/,4,4,2,Rojo
06449.jpg,FinalDatasets/Coches/cars_train/,4,4,4,Verde
06464.jpg,FinalDatasets/Coches/cars_train/,4,4,2,Azul
Car (1368).jpeg,FinalDatasets/Coches/cars_train/,4,4,4,Rojo
03822.jpg,FinalDatasets/Coches/cars_train/,4,4,2,Rojo
Car (1733).jpeg,FinalDatasets/Coches/cars_train/,4,4,2,Rojo
06630.jpg,FinalDatasets/Coches/cars_train/,4,4,4,Verde
05376.jpg,FinalDatasets/Coches/cars_train/,4,4,2,Rojo
03225.jpg,FinalDatasets/Coches/cars_train/,4,4,4,Rojo
Car (1800).jpeg,FinalDatasets/Coches/cars_train/,4,4,2,Negro
02556.jpg,FinalDatasets/Coches/cars_train/,4,4,2,Verde
03041.jpg,FinalDatasets/Coches/cars_train/,4,4,4,Azul
03145.jpg,FinalDatasets/Coches/cars_train/,4,4,4,Rojo
05281.jpg,FinalDatasets/Coches/cars_train/,4,4,2,Rojo
07920.jpg,FinalDatasets/Coches/cars_train/,4,4,2,Blanco
06933.jpg,FinalDatasets/Coches/cars_train/,4,4,2,Blanco
03719.jpg,FinalDatasets/Coches/cars_train/,4,4,4,Negro
02697.jpg,FinalDatasets/Coches/cars_train/,4,4,2,Verde
03644.jpg,FinalDatasets/Coches/cars_train/,4,4,4,Azul
Car (332).jpeg,FinalDatasets/Coches/cars_train/,4,4,4,Blanco
01752.jpg,FinalDatasets/Coches/cars_train/,4,4,4,Blanco
01310.jpg,FinalDatasets/Coches/cars_train/,4,4,4,Verde
Car (125).jpeg,FinalDatasets/Coches/cars_train/,4,4,4,Rojo
04081.jpg,FinalDatasets/Coches/cars_train/,4,4,4,Rojo
02784.jpg,FinalDatasets/Coches/cars_train/,4,4,4,Verde
06190.jpg,FinalDatasets/Coches/cars_train/,4,4,4,Azul
04637.jpg,FinalDatasets/Coches/cars_train/,4,4,4,Azul
04483.jpg,FinalDatasets/Coches/cars_train/,4,4,4,Negro
03134.jpg,FinalDatasets/Coches/cars_train/,4,4,4,Blanco
00362.jpg,FinalDatasets/Coches/cars_train/,4,4,2,Verde
03903.jpg,FinalDatasets/Coches/cars_train/,4,4,2,Negro
04560.jpg,FinalDatasets/Coches/cars_train/,4,4,2,Verde
02402.jpg,FinalDatasets/Coches/cars_train/,4,4,2,Rojo
03380.jpg,FinalDatasets/Coches/cars_train/,4,4,4,Rojo
06131.jpg,FinalDatasets/Coches/cars_train/,4,4,4,Azul
00357.jpg,FinalDatasets/Coches/cars_train/,4,4,4,Rojo
01483.jpg,FinalDatasets/Coches/cars_train/,4,4,4,Blanco
Car (1304).jpeg,FinalDatasets/Coches/cars_train/,4,4,4,Blanco
06240.jpg,FinalDatasets/Coches/cars_train/,4,4,2,Negro
05584.jpg,FinalDatasets/Coches/cars_train/,4,4,4,Blanco
00733.jpg,FinalDatasets/Coches/cars_train/,4,4,2,Verde
Car (479).jpeg,FinalDatasets/Coches/cars_train/,4,4,4,Rojo
06696.jpg,FinalDatasets/Coches/cars_train/,4,4,2,Blanco
04402.jpg,FinalDatasets/Coches/cars_train/,4,4,2,Blanco
Car (1595).jpeg,FinalDatasets/Coches/cars_train/,4,4,4,Rojo
03189.jpg,FinalDatasets/Coches/cars_train/,4,4,4,Blanco
05225.jpg,FinalDatasets/Coches/cars_train/,4,4,4,Blanco
05753.jpg,FinalDatasets/Coches/cars_train/,4,4,4,Negro
03553.jpg,FinalDatasets/Coches/cars_train/,4,4,4,Verde
Car (203).jpeg,FinalDatasets/Coches/cars_train/,4,4,4,Verde
06160.jpg,FinalDatasets/Coches/cars_train/,4,4,4,Rojo
07216.jpg,FinalDatasets/Coches/cars_train/,4,4,4,Verde
04943.jpg,FinalDatasets/Coches/cars_train/,4,4,4,Verde
Car (1187).jpeg,FinalDatasets/Coches/cars_train/,4,4,2,Azul
Car (160).jpeg,FinalDatasets/Coches/cars_train/,4,4,4,Negro
02282.jpg,FinalDatasets/Coches/cars_train/,4,4,4,Azul
04981.jpg,FinalDatasets/Coches/cars_train/,4,4,4,Azul
Car (882).jpeg,FinalDatasets/Coches/cars_train/,4,4,2,Rojo
Car (1207).jpeg,FinalDatasets/Coches/cars_train/,4,4,4,Negro
02044.jpg,FinalDatasets/Coches/cars_train/,4,4,4,Verde
02310.jpg,FinalDatasets/Coches/cars_train/,4,4,2,Verde
06197.jpg,FinalDatasets/Coches/cars_train/,4,4,2,Negro
07228.jpg,FinalDatasets/Coches/cars_train/,4,4,4,Blanco
07669.jpg,FinalDatasets/Coches/cars_train/,4,4,2,Verde
00241.jpg,FinalDatasets/Coches/cars_train/,4,4,4,Negro
05006.jpg,FinalDatasets/Coches/cars_train/,4,4,2,Rojo
01566.jpg,FinalDatasets/Coches/cars_train/,4,4,4,Blanco
02510.jpg,FinalDatasets/Coches/cars_train/,4,4,4,Negro
04520.jpg,FinalDatasets/Coches/cars_train/,4,4,2,Rojo
Car (1665).jpeg,FinalDatasets/Coches/cars_train/,4,4,2,Azul
00708.jpg,FinalDatasets/Coches/cars_train/,4,4,4,Rojo
05816.jpg,FinalDatasets/Coches/cars_train/,4,4,4,Rojo
07499.jpg,FinalDatasets/Coches/cars_train/,4,4,4,Blanco
Car (1012).jpeg,FinalDatasets/Coches/cars_train/,4,4,4,Verde
Car (766).jpeg,FinalDatasets/Coches/cars_train/,4,4,2,Blanco
Car (923).jpeg,FinalDatasets/Coches/cars_train/,4,4,4,Negro
06947.jpg,FinalDatasets/Coches/cars_train/,4,4,4,Verde
Car (1371).jpeg,FinalDatasets/Coches/cars_train/,4,4,2,Azul
03656.jpg,FinalDatasets/Coches/cars_train/,4,4,4,Azul
00899.jpg,FinalDatasets/Coches/cars_train/,4,4,4,Negro
00068.jpg,FinalDatasets/Coches/cars_train/,4,4,2,Azul
03273.jpg,FinalDatasets/Coches/cars_train/,4,4,4,Verde
Car (158).jpeg,FinalDatasets/Coches/cars_train/,4,4,4,Verde
01130.jpg,FinalDatasets/Coches/cars_train/,4,4,2,Rojo
07083.jpg,FinalDatasets/Coches/cars_train/,4,4,4,Rojo
06332.jpg,FinalDatasets/Coches/cars_train/,4,4,4,Rojo
06612.jpg,FinalDatasets/Coches/cars_train/,4,4,2,Verde
Car (896).jpeg,FinalDatasets/Coches/cars_train/,4,4,4,Negro
02296.jpg,FinalDatasets/Coches/cars_train/,4,4,4,Negro
Car (489).jpeg,FinalDatasets/Coches/cars_train/,4,4,2,Rojo
00476.jpg,FinalDatasets/Coches/cars_train/,4,4,2,Blanco
06625.jpg,FinalDatasets/Coches/cars_train/,4,4,4,Verde
04462.jpg,FinalDatasets/Coches/cars_train/,4,4,2,Azul
04567.jpg,FinalDatasets/Coches/cars_train/,4,4,4,Azul
03477.jpg,FinalDatasets/Coches/cars_train/,4,4,2,Blanco
Car (284).jpeg,FinalDatasets/Coches/cars_train/,4,4,4,Azul
05093.jpg,FinalDatasets/Coches/cars_train/,4,4,4,Rojo
08009.jpg,FinalDatasets/Coches/cars_train/,4,4,4,Blanco
06121.jpg,FinalDatasets/Coches/cars_train/,4,4,4,Blanco
00295.jpg,FinalDatasets/Coches/cars_train/,4,4,2,Negro
07962.jpg,FinalDatasets/Coches/cars_train/,4,4,2,Azul
06300.jpg,FinalDatasets/Coches/cars_train/,4,4,2,Azul
04873.jpg,FinalDatasets/Coches/cars_train/,4,4,2,Rojo
01554.jpg,FinalDatasets/Coches/cars_train/,4,4,4,Azul
01654.jpg,FinalDatasets/Coches/cars_train/,4,4,4,Blanco
Car (1363).jpeg,FinalDatasets/Coches/cars_train/,4,4,4,Verde
07399.jpg,FinalDatasets/Coches/cars_train/,4,4,4,Azul
02952.jpg,FinalDatasets/Coches/cars_train/,4,4,4,Negro
03377.jpg,FinalDatasets/Coches/cars_train/,4,4,2,Verde
Car (374).jpeg,FinalDatasets/Coches/cars_train/,4,4,2,Verde
05451.jpg,FinalDatasets/Coches/cars_train/,4,4,4,Verde
05343.jpg,FinalDatasets/Coches/cars_train/,4,4,4,Rojo
05833.jpg,FinalDatasets/Coches/cars_train/,4,4,2,Negro
01090.jpg,FinalDatasets/Coches/cars_train/,4,4,2,Blanco
07697.jpg,FinalDatasets/Coches/cars_train/,4,4,2,Negro
Car (291).jpeg,FinalDatasets/Coches/cars_train/,4,4,4,Azul
02798.jpg,FinalDatasets/Coches/cars_train/,4,4,4,Verde
Car (1200).jpeg,FinalDatasets/Coches/cars_train/,4,4,2,Verde
06364.jpg,FinalDatasets/Coches/cars_train/,4,4,2,Blanco
01176.jpg,FinalDatasets/Coches/cars_train/,4,4,2,Rojo
03973.jpg,FinalDatasets/Coches/cars_train/,4,4,2,Azul
01997.jpg,FinalDatasets/Coches/cars_train/,4,4,4,Negro
00259.jpg,FinalDatasets/Coches/cars_train/,4,4,4,Negro
05192.jpg,FinalDatasets/Coches/cars_train/,4,4,2,Blanco
Car (951).jpeg,FinalDatasets/Coches/cars_train/,4,4,4,Verde
03094.jpg,FinalDatasets/Coches/cars_train/,4,4,4,Negro
05622.jpg,FinalDatasets/Coches/cars_train/,4,4,4,Azul
00760.jpg,FinalDatasets/Coches/cars_train/,4,4,4,Blanco
02699.jpg,FinalDatasets/Coches/cars_train/,4,4,4,Blanco
02224.jpg,FinalDatasets/Coches/cars_train/,4,4,2,Verde
03631.jpg,FinalDatasets/Coches/cars_train/,4,4,4,Verde
04548.jpg,FinalDatasets/Coches/cars_train/,4,4,2,Azul
03854.jpg,FinalDatasets/Coches/cars_train/,4,4,4,Verde
05902.jpg,FinalDatasets/Coches/cars_train/,4,4,2,Rojo
04057.jpg,FinalDatasets/Coches/cars_train/,4,4,4,Negro
Car (1550).jpeg,FinalDatasets/Coches/cars_train/,4,4,4,Blanco
Car (1837).jpeg,FinalDatasets/Coches/cars_train/,4,4,4,Rojo
06353.jpg,FinalDatasets/Coches/cars_train/,4,4,4,Negro
03346.jpg,FinalDatasets/Coches/cars_train/,4,4,2,Verde
02595.jpg,FinalDatasets/Coches/cars_train/,4,4,4,Azul
04948.jpg,FinalDatasets/Coches/cars_train/,4,4,4,Azul
05891.jpg,FinalDatasets/Coches/cars_train/,4,4,4,Negro
01848.jpg,FinalDatasets/Coches/cars_train/,4,4,4,Blanco
06228.jpg,FinalDatasets/Coches/cars_train/,4,4,2,Azul
04667.jpg,FinalDatasets/Coches/cars_train/,4,4,4,Negro
00255.jpg,FinalDatasets/Coches/cars_train/,4,4,4,Negro
Car (163).jpeg,FinalDatasets/Coches/cars_train/,4,4,4,Verde
01710.jpg,FinalDatasets/Coches/cars_train/,4,4,4,Verde
00027.jpg,FinalDatasets/Coches/cars_train/,4,4,4,Verde
01872.jpg,FinalDatasets/Coches/cars_train/,4,4,2,Blanco
Car (1025).jpeg,FinalDatasets/Coches/cars_train/,4,4,4,Rojo
Car (1126).jpeg,FinalDatasets/Coches/cars_train/,4,4,4,Rojo
00338.jpg,FinalDatasets/Coches/cars_train/,4,4,4,Blanco
04174.jpg,FinalDatasets/Coches/cars_train/,4,4,4,Blanco
00343.jpg,FinalDatasets/Coches/cars_train/,4,4,4,Negro
05040.jpg,FinalDatasets/Coches/cars_train/,4,4,4,Negro
Car (958).jpeg,FinalDatasets/Coches/cars_train/,4,4,4,Rojo
03911.jpg,FinalDatasets/Coches/cars_train/,4,4,2,Verde
06108.jpg,FinalDatasets/Coches/cars_train/,4,4,4,Rojo
01973.jpg,FinalDatasets/Coches/cars_train/,4,4,4,Verde
02127.jpg,FinalDatasets/Coches/cars_train/,4,4,2,Azul
03308.jpg,FinalDatasets/Coches/cars_train/,4,4,4,Blanco
Car (1918).jpeg,FinalDatasets/Coches/cars_train/,4,4,4,Verde
06123.jpg,FinalDatasets/Coches/cars_train/,4,4,2,Blanco
08054.jpg,FinalDatasets/Coches/cars_train/,4,4,2,Azul
04864.jpg,FinalDatasets/Coches/cars_train/,4,4,4,Negro
07814.jpg,FinalDatasets/Coches/cars_train/,4,4,2,Rojo
Car (889).jpeg,FinalDatasets/Coches/cars_train/,4,4,4,Verde
01827.jpg,FinalDatasets/Coches/cars_train/,4,4,2,Negro
02830.jpg,FinalDatasets/Coches/cars_train/,4,4,4,Negro
01246.jpg,FinalDatasets/Coches/cars_train/,4,4,4,Rojo
Car (973).jpeg,FinalDatasets/Coches/cars_train/,4,4,4,Verde
00604.jpg,FinalDatasets/Coches/cars_train/,4,4,4,Negro
Car (475).jpeg,FinalDatasets/Coches/cars_train/,4,4,2,Verde
08019.jpg,FinalDatasets/Coches/cars_train/,4,4,2,Blanco
05329.jpg,FinalDatasets/Coches/cars_train/,4,4,4,Azul
05836.jpg,FinalDatasets/Coches/cars_train/,4,4,4,Azul
05984.jpg,FinalDatasets/Coches/cars_train/,4,4,4,Blanco
Car (151).jpeg,FinalDatasets/Coches/cars_train/,4,4,4,Azul
06683.jpg,FinalDatasets/Coches/cars_train/,4,4,4,Negro
Car (1117).jpeg,FinalDatasets/Coches/cars_train/,4,4,4,Rojo
02894.jpg,FinalDatasets/Coches/cars_train/,4,4,4,Verde
00410.jpg,FinalDatasets/Coches/cars_train/,4,4,2,Blanco
03776.jpg,FinalDatasets/Coches/cars_train/,4,4,2,Rojo
02855.jpg,FinalDatasets/Coches/cars_train/,4,4,4,Blanco
06543.jpg,FinalDatasets/Coches/cars_train/,4,4,4,Rojo
03499.jpg,FinalDatasets/Coches/cars_train/,4,4,4,Blanco
Car (1806).jpeg,FinalDatasets/Coches/cars_train/,4,4,2,Blanco
05536.jpg,FinalDatasets/Coches/cars_train/,4,4,2,Verde
07053.jpg,FinalDatasets/Coches/cars_train/,4,4,2,Negro
06399.jpg,FinalDatasets/Coches/cars_train/,4,4,2,Blanco
Car (1005).jpeg,FinalDatasets/Coches/cars_train/,4,4,4,Verde
03115.jpg,FinalDatasets/Coches/cars_train/,4,4,4,Verde
Car (920).jpeg,FinalDatasets/Coches/cars_train/,4,4,4,Negro
03128.jpg,FinalDatasets/Coches/cars_train/,4,4,4,Blanco
06147.jpg,FinalDatasets/Coches/cars_train/,4,4,4,Rojo
03437.jpg,FinalDatasets/Coches/cars_train/,4,4,2,Azul
Car (1160).jpeg,FinalDatasets/Coches/cars_train/,4,4,4,Rojo
01071.jpg,FinalDatasets/Coches/cars_train/,4,4,4,Blanco
04183.jpg,FinalDatasets/Coches/cars_train/,4,4,4,Negro
06917.jpg,FinalDatasets/Coches/cars_train/,4,4,2,Azul
06471.jpg,FinalDatasets/Coches/cars_train/,4,4,4,Blanco
03086.jpg,FinalDatasets/Coches/cars_train/,4,4,2,Blanco
07273.jpg,FinalDatasets/Coches/cars_train/,4,4,4,Azul
01135.jpg,FinalDatasets/Coches/cars_train/,4,4,4,Rojo
Car (1388).jpeg,FinalDatasets/Coches/cars_train/,4,4,4,Blanco
03032.jpg,FinalDatasets/Coches/cars_train/,4,4,4,Negro
02966.jpg,FinalDatasets/Coches/cars_train/,4,4,4,Azul
04856.jpg,FinalDatasets/Coches/cars_train/,4,4,2,Blanco
01277.jpg,FinalDatasets/Coches/cars_train/,4,4,4,Rojo
00734.jpg,FinalDatasets/Coches/cars_train/,4,4,4,Blanco
00633.jpg,FinalDatasets/Coches/cars_train/,4,4,2,Rojo
06830.jpg,FinalDatasets/Coches/cars_train/,4,4,4,Rojo
06996.jpg,FinalDatasets/Coches/cars_train/,4,4,4,Azul
04136.jpg,FinalDatasets/Coches/cars_train/,4,4,4,Azul
02819.jpg,FinalDatasets/Coches/cars_train/,4,4,4,Blanco
07477.jpg,FinalDatasets/Coches/cars_train/,4,4,2,Verde
Car (1760).jpeg,FinalDatasets/Coches/cars_train/,4,4,4,Blanco
02643.jpg,FinalDatasets/Coches/cars_train/,4,4,2,Azul
01477.jpg,FinalDatasets/Coches/cars_train/,4,4,4,Negro
08024.jpg,FinalDatasets/Coches/cars_train/,4,4,4,Blanco
02433.jpg,FinalDatasets/Coches/cars_train/,4,4,4,Rojo
01779.jpg,FinalDatasets/Coches/cars_train/,4,4,4,Verde
04021.jpg,FinalDatasets/Coches/cars_train/,4,4,2,Verde
05094.jpg,FinalDatasets/Coches/cars_train/,4,4,4,Negro
03351.jpg,FinalDatasets/Coches/cars_train/,4,4,4,Rojo
01979.jpg,FinalDatasets/Coches/cars_train/,4,4,4,Blanco
03852.jpg,FinalDatasets/Coches/cars_train/,4,4,4,Rojo
Car (723).jpeg,FinalDatasets/Coches/cars_train/,4,4,4,Azul
01912.jpg,FinalDatasets/Coches/cars_train/,4,4,4,Negro
05437.jpg,FinalDatasets/Coches/cars_train/,4,4,4,Blanco
00468.jpg,FinalDatasets/Coches/cars_train/,4,4,2,Azul
04260.jpg,FinalDatasets/Coches/cars_train/,4,4,4,Rojo
00877.jpg,FinalDatasets/Coches/cars_train/,4,4,2,Blanco
02502.jpg,FinalDatasets/Coches/cars_train/,4,4,4,Negro
06302.jpg,FinalDatasets/Coches/cars_train/,4,4,2,Blanco
